,,,,,,,,,,,,,,,,,,,,,,,
preview,s,tomorrow,high,noon,,,,,,,,,,,,,,,,,,,
actually,get,swear,tomorrow,exist,know,pay,today,wave,great,flag,,,,,,,,,,,,,
follower,kind,morning,news,flash,bot,plan,always,steal,money,false,hope,,,,,,,,,,,,
get,clip,trump,speech,rally,call,violence,whole,speech,youtube,sure,clip,point,incited,terrorist,happen,antifa,terrorist,,,,,,
year,show,tomorrow,go,love,rating,hit,day,inauguration,,,,,,,,,,,,,,,
magenta,eye,shadow,really,make,eye,pop,,,,,,,,,,,,,,,,,
msm,lie,raven,lostbut,raven,bigly,strong,many,point,crook,rigged,give,rightful,victory,ceify,bill,win,d,,,,,,
agenda,gop,election,integrity,silent,majority,election,influencer,talk,show,host,ability,stop,big,tech,pick,couple,election,gun,period,,,,
think,vote,sacred,private,,,,,,,,,,,,,,,,,,,,
learn,move,forward,,,,,,,,,,,,,,,,,,,,,
fascism,power,remark,vile,disgusting,discerning,american,,,,,,,,,,,,,,,,,
need,realize,republican,pay,cease,exist,former,republican,pay,,,,,,,,,,,,,,,
help,cheat,like,dislike,remove,dislike,video,,,,,,,,,,,,,,,,,
corrupt,racist,whole,year,public,dole,dementia,pound,sand,libotard,,,,,,,,,,,,,,
look,freshman,congresswoman,front,center,rally,right,election,confirmatio,,,,,,,,,,,,,,,
wish,top,government,official,prison,say,year,trump,go,jail,yet,,,,,,,,,,,,,
say,push,lie,election,fraud,also,,,,,,,,,,,,,,,,,,
,,,,,,,,,,,,,,,,,,,,,,,
true,american,hero,,,,,,,,,,,,,,,,,,,,,
care,s,keep,job,election,steal,,,,,,,,,,,,,,,,,,
infowar,live,false,flag,warning,trump,suppoer,plan,protest,capitol,,,,,,,,,,,,,,
listen,clearly,corrupt,politician,call,people,liar,want,truth,justice,unacceptable,step,job,protect,election,integrity,hue,country,,,,,,
get,wind,take,sail,today,proud,boy,arrest,trump,flee,town,tail,leg,large,protest,state,capitol,today,say,confederate,flag,lol,,
galvanize,post,new,candidate,carry,next,level,policy,remind,voter,,,,,,,,,,,,,,
incredible,few,hour,people,peacefully,assemble,,,,,,,,,,,,,,,,,,
lose,policy,make,lose,back,basement,sleepy,joe,,,,,,,,,,,,,,,,
brutal,call,rooster,make,think,rig,,,,,,,,,,,,,,,,,,
think,call,absentee,ballot,ripe,risk,fraud,consider,dissent,subversive,get,account,block,even,help,,,,,,,,,
mean,agree,policy,interesting,welcome,new,make,,,,,,,,,,,,,,,,,
vote,primary,,,,,,,,,,,,,,,,,,,,,,
re,scared,troop,place,protect,almost,know,really,win,,,,,,,,,,,,,,,
forget,law,wish,reference,back,post,top,gibberish,suppo,seem,different,enough,top,gibberish,actual,people,many,,,,,,,
mean,,,,,,,,,,,,,,,,,,,,,,,
re,bunch,sucker,fool,,,,,,,,,,,,,,,,,,,,
give,real,fight,begin,trump,send,shiver,spine,,,,,,,,,,,,,,,,
thank,new,set,stop,interact,give,year,ago,many,inspiring,story,time,reintroduce,tell,story,election,fraud,story,listen,beg,people,work,,
steal,people,fraud,illegitimate,,,,,,,,,,,,,,,,,,,,
complain,chatter,beat,right,get,school,assume,real,insurrectionist,follow,election,law,win,lose,say,,,,,,,,,
yesterday,admit,national,news,effos,lie,say,,,,,,,,,,,,,,,,,
circus,,,,,,,,,,,,,,,,,,,,,,,
country,,,,,,,,,,,,,,,,,,,,,,,
gosar,wgreat,applause,slam,establishment,republican,label,push,election,integrity,sedition,step,touch,voter,destroy,,,,,,,,,
page,even,move,odd,pro,socialist,site,prefer,rightful,winner,election,,,,,,,,,,,,,
finally,good,news,voter,fraud,,,,,,,,,,,,,,,,,,,
trump,call,family,kill,rally,hear,much,people,kill,family,,,,,,,,,,,,,,
,,,,,,,,,,,,,,,,,,,,,,,
post,time,,,,,,,,,,,,,,,,,,,,,,
election,fix,even,cast,vote,,,,,,,,,,,,,,,,,,,
trancefamily,vielen,dank,,,,,,,,,,,,,,,,,,,,,
try,warn,people,trap,ask,motivation,,,,,,,,,,,,,,,,,,
game,throne,,,,,,,,,,,,,,,,,,,,,,
regime,label,election,denialist,crazy,flat,eaher,anti,vaxxer,use,medium,feed,sheeple,lie,belittle,patriot,even,hide,fraud,theft,,,,
shout,rooftop,result,kiss,notion,future,legitimate,election,goodbye,dem,never,agree,reform,double,epic,fail,,,,,,,,
great,day,,,,,,,,,,,,,,,,,,,,,,
issue,executive,order,executive,order,issue,,,,,,,,,,,,,,,,,,
day,asshole,leader,keep,hope,late,find,covid,distribution,plan,grand,old,pay,cooperate,vile,,,,,,,,,
abuse,team,currently,review,fundraising,site,amy_kremer,woman,first,,,,,,,,,,,,,,,
take,money,suppoer,whip,rally,suppoer,pay,,,,,,,,,,,,,,,,,
join,fight,strong,never,suspect,leader,get,well,suspicion,trump,incite,,,,,,,,,,,,,
embarrassing,stop,mark,vaccine,already,happen,trump,fke,biden,implement,already,effect,anyone,hero,,,,,,,,,,
primary,get,outta,rino,never,recover,add,people,government,,,,,,,,,,,,,,,
alex_jone,emergency,transmission,plan,direct,military,purge,conservative,,,,,,,,,,,,,,,,
election,fraud,happen,right,stop,lie,accept,fraud,,,,,,,,,,,,,,,,
feed,lie,,,,,,,,,,,,,,,,,,,,,,
try,steal,presidency,,,,,,,,,,,,,,,,,,,,,
job,cheat,,,,,,,,,,,,,,,,,,,,,,
damn,total,insanity,evil,group,even,go,pretend,totalitarian,stop,whole,damned,train,,,,,,,,,,,
king,vote,lawyer,,,,,,,,,,,,,,,,,,,,,
investigate,stand,,,,,,,,,,,,,,,,,,,,,,
post,election,period,white_house,,,,,,,,,,,,,,,,,,,,
mail,voting,change,use,wireless,electronic,voting,machine,see,go,right,,,,,,,,,,,,,
get,criticize,peddle,year,later,,,,,,,,,,,,,,,,,,,
great,decision,trump,national,election,integrity,drive,first,post,presidential,move,,,,,,,,,,,,,
believe,norm,criminal,prison,white_house,,,,,,,,,,,,,,,,,,,
inauguration,day,maricopa,county,official,finally,agree,audit,voting,equipment,election,,,,,,,,,,,,,
leader,say,several,livestream,video,plan,rally,,,,,,,,,,,,,,,,,
bad,day,american,history,,,,,,,,,,,,,,,,,,,,
,,,,,,,,,,,,,,,,,,,,,,,
destroy,nasty,election,official,gabe,sterling,late,smear,,,,,,,,,,,,,,,,
almost,whole,thing,giant,crock,,,,,,,,,,,,,,,,,,,
big,lie,refer,bogus,claim,election,fraud,legitimate,,,,,,,,,,,,,,,,
vote,nancy,restore,,,,,,,,,,,,,,,,,,,,,
ban,twitter,,,,,,,,,,,,,,,,,,,,,,
lead,movement,even,trump,ask,recount,various,state,biden,get,vote,,,,,,,,,,,,,
information,,,,,,,,,,,,,,,,,,,,,,,
cultist,need,upload,database,,,,,,,,,,,,,,,,,,,,
maybe,education,system,fail,maybe,ve,head,sand,,,,,,,,,,,,,,,,
election,steal,,,,,,,,,,,,,,,,,,,,,,
lawyer,dispute,insinuate,speech,rally,incite,speak,breach,roll,tape,,,,,,,,,,,,,,
thank,speak,truth,finally,cawthorn,time,put,first,,,,,,,,,,,,,,,,
security,clearance,parallel,conspiracy,theory,movement,highly,detrimental,destructive,highly,toxic,democracy,country,,,,,,,,,,,
go,world,soon,,,,,,,,,,,,,,,,,,,,,
dear,lie,side,consider,forever,lie,,,,,,,,,,,,,,,,,,
true,patriot,disgust,continue,betrayal,fight,do,lie,lie,watch,closely,get,try,stop,send,email,text,beg,money,give,fight,evil,dem,
want,censor,whole,country,know,already,,,,,,,,,,,,,,,,,,
likely,walk,away,fraud,claim,especially,riot,ensue,simply,prove,claim,resign,,,,,,,,,,,,
least,voter,proud,keep,fight,,,,,,,,,,,,,,,,,,,
happen,mccahy,repeat,trump,bogus,election,fraud,claim,campaign,lie,voter,order,incite,insurrection,oveurn,biden,election,victory,,,,,,
wonder,celebration,,,,,,,,,,,,,,,,,,,,,,
false,left,wing,propaganda,debunk,talk,point,fringe,extremist,group,infiltrate,begin,speech,rally,leave,wing,right,wing,group,fraud,,,,
total,social,blackout,president,ever,,,,,,,,,,,,,,,,,,,
glad,colt,stand,truth,fighting,play,bowl,obviously,steal,,,,,,,,,,,,,,,
stone,cold,,,,,,,,,,,,,,,,,,,,,,
fool,time,fool,time,transition,go,fraud,still,evident,,,,,,,,,,,,,,,
thank,always,willing,stand,side,bless,keep,palm,hand,love,much,gratitude,,,,,,,,,,,,
slam,establishment,republican,label,push,election,integrity,sedition,,,,,,,,,,,,,,,,
fool,time,fool,time,,,,,,,,,,,,,,,,,,,,
post,manipulate,medium,truth,get,cultist,ban,tired,lie,asshole,,,,,,,,,,,,,,
say,freak,amazing,use,information,save,amerikkka,keep,maga,blablabla,term,,,,,,,,,,,,,
feel,steal,stae,grin,face,expect,going,sing,really,think,crush,spirit,easily,,,,,,,,,,,
do,injustice,shame,vote,old,work,people,floor,alone,guess,know,vote,biden,spouse,come,get,real,,,,,,,
nobler,rather,head,state,constitution,violate,regard,thousand,vote,,,,,,,,,,,,,,,
medium,type,follow,cardinal,baseball,year,claim,dibs,yadi,throw,guy,steal,,,,,,,,,,,,
host,amy_kremer,page,fundraising,site,,,,,,,,,,,,,,,,,,,
campaign,predicate,lip,service,ruse,,,,,,,,,,,,,,,,,,,
let,see,like,bezo,go,yell,lol,,,,,,,,,,,,,,,,,
,,,,,,,,,,,,,,,,,,,,,,,
stop,censorship,suppose,free,country,,,,,,,,,,,,,,,,,,,
inside,attack,already,happen,demestic,terror,,,,,,,,,,,,,,,,,,
believe,investigative,work,,,,,,,,,,,,,,,,,,,,,
true,,,,,,,,,,,,,,,,,,,,,,,
kinda,sedition,last,year,,,,,,,,,,,,,,,,,,,,
good,ever,see,,,,,,,,,,,,,,,,,,,,,
probably,,,,,,,,,,,,,,,,,,,,,,,
remind,much,swindle,follower,scheme,stop,steal,indeed,,,,,,,,,,,,,,,,
remember,,,,,,,,,,,,,,,,,,,,,,,
interestingly,also,explain,grass,root,effos,fail,leave,helpless,watch,,,,,,,,,,,,,,
go,send,else,try,,,,,,,,,,,,,,,,,,,,
last,cultist,turn,light,,,,,,,,,,,,,,,,,,,,
guess,qanon,type,get,invite,,,,,,,,,,,,,,,,,,,
sow,,,,,,,,,,,,,,,,,,,,,,,
rig,ref,sue,immediately,play,game,,,,,,,,,,,,,,,,,,
really,know,state,election,law,admission,scam,admit,evidence,election,fraud,sigh,,,,,,,,,,,,
pray,green,deal,election,,,,,,,,,,,,,,,,,,,,
texan,die,flag,die,ideal,flag,represent,ideal,free,fair,election,justice,different,justice,flynn,,,,,,,,,
show,world,revolution,livestream,event,accessible,smaphone,iphone,,,,,,,,,,,,,,,,
meeting,defend,effos,decline,take,question,medium,afterwar,,,,,,,,,,,,,,,,
stick,middle,finger,legitimately,vote,,,,,,,,,,,,,,,,,,,
beat,second,,,,,,,,,,,,,,,,,,,,,,
careful,make,suggestion,voter,irregularity,label,election,denialist,need,cleanse,,,,,,,,,,,,,,
say,tiny,hand,go,cultist,welcome,family,think,potential,,,,,,,,,,,,,,,
consider,terrorist,attack,election,system,obstruct,justice,matter,deem,,,,,,,,,,,,,,,
suck,,,,,,,,,,,,,,,,,,,,,,,
give,chance,commit,suicide,,,,,,,,,,,,,,,,,,,,
talk,dreamer,lie,new,push,big,lie,lie,republican,live,reality,nice,job,,,,,,,,,,,
collusion,time,interrupt,reject,motion,,,,,,,,,,,,,,,,,,,
protest,website,tie,extremist,link,activist,ali,digital,marketing,firm,website,direct,,,,,,,,,,,,
trump,link,figure,boost,movement,,,,,,,,,,,,,,,,,,,
censor,speech,advocate,violence,commit,sholy,advocacy,deny,people,access,candidate,allow,campaign,run,vote,socialist,,,,,,,,
bad,white,supremacist,time,,,,,,,,,,,,,,,,,,,,
serious,case,classic,cretin,behaviour,never,mind,lot,,,,,,,,,,,,,,,,
investigation,continue,reinstate,,,,,,,,,,,,,,,,,,,,,
unaware,fault,terwege,republican,even,trump,free,country,past,month,unfair,ask,suppoer,stand,insurrection,,,,,,,,,
total,corrupt,election,election,dead,,,,,,,,,,,,,,,,,,,
hopefully,make,laugh,break,trump,wireless,access,point,name,password,hope,enjoy,evening,,,,,,,,,,,
poll,real,none,terrorist,suppoe,insurrection,,,,,,,,,,,,,,,,,,
election,fraud,happen,right,,,,,,,,,,,,,,,,,,,,
even,know,properly,explain,evil,people,truly,believe,agree,politically,brainwash,least,brain,brainwash,actually,brain,,,,,,,,
golpe,estado,,,,,,,,,,,,,,,,,,,,,,
fail,imo,never,win,election,game,man,game,,,,,,,,,,,,,,,,
steal,countless,rationality,,,,,,,,,,,,,,,,,,,,,
write,likely,know,expe,tell,mask,need,last,spring,whole,thing,do,week,,,,,,,,,,,
ignore,narration,watch,first,hand,repoe,inside,inside,see,work,ahead,,,,,,,,,,,,,
qanon,strong,hope,proud,boy,stand,stand,eboog,,,,,,,,,,,,,,,,
commit,election,fraud,ask,rain,wet,twitter,bias,conservative,already,know,answer,,,,,,,,,,,,
impeachment,trial,unify,,,,,,,,,,,,,,,,,,,,,
note,,,,,,,,,,,,,,,,,,,,,,,
talk,trumper,steal,item,stop,personal,propey,,,,,,,,,,,,,,,,,
leftist,suppression,effo,textbook,alinsky,work,allow,cor,,,,,,,,,,,,,,,,
get,coward,refuse,,,,,,,,,,,,,,,,,,,,,
long,good,evil,become,devil,ppl,soon,understand,catchphrase,truth,consequence,come,stand,,,,,,,,,,,
thank,amy_kremer,tax,exempt,org,woman,first,register,state,solicit,donation,website,hashtag,money,go,,,,,,,,,
believe,major,issue,election,allow,fraud,violate,various,state,believe,tell,,,,,,,,,,,,,
summon,storm,coordinate,,,,,,,,,,,,,,,,,,,,,
thing,save,next,election,dominion,,,,,,,,,,,,,,,,,,,
bad,sell,people,suppoe,end,goodbye,hope,see,back,soon,even,gut,oppose,militarization,,,,,,,,,,
inland,south,settle,scot,irish,herder,herd,people,often,develop,culture,honor,wealth,easily,stolenrustler,make,asset,eyeblink,perhaps,s,ancestral,dimension,,
real,issue,government,official,believe,government,work,take,note,elect,official,believe,election,steal,shout,,,,,,,,,
vacine,already,day,,,,,,,,,,,,,,,,,,,,,
alex_jone,show,tune,censor,attack,broadcast,learn,s,come,next,,,,,,,,,,,,,,
explain,election,steal,,,,,,,,,,,,,,,,,,,,,
valid,question,see,future,politic,,,,,,,,,,,,,,,,,,,
win,,,,,,,,,,,,,,,,,,,,,,,
day,away,truth,,,,,,,,,,,,,,,,,,,,,
amazing,job,,,,,,,,,,,,,,,,,,,,,,
army,arrest,post,parler,pic,uniform,write,force,entry,capitol,building,watkin,new,uniform,,,,,,,,,,
agree,,,,,,,,,,,,,,,,,,,,,,,
boom,,,,,,,,,,,,,,,,,,,,,,,
think,get,front,row,seat,biden,inauguration,ceremony,cause,,,,,,,,,,,,,,,
cherish,freedom,today,go,tomorrow,,,,,,,,,,,,,,,,,,,
unite,seem,command,,,,,,,,,,,,,,,,,,,,,
dominion,lot,answer,,,,,,,,,,,,,,,,,,,,,
,,,,,,,,,,,,,,,,,,,,,,,
number,priority,anti,plan,attack,,,,,,,,,,,,,,,,,,,
save,date,join,townhall,judicial,gerrymandering,,,,,,,,,,,,,,,,,,
shop,anymore,drop,,,,,,,,,,,,,,,,,,,,,
alex_jone,show,extended,coverage,installation,,,,,,,,,,,,,,,,,,,
impoantly,ask,bust,look,look,trump,give,,,,,,,,,,,,,,,,,
theory,impeachment,trial,trump,defense,incite,protester,right,angry,proceed,lay,election,evidence,scotus,refuse,hear,,,,,,,,
way,take,attack,family,floor,stupid,try,stop,end,reginald,den,noper,guy,,,,,,,,,,,
evidence,show,election,control,procedure,law,ignore,ridden,hundred,witness,affidavit,allege,irregularity,fraud,control,procedure,weak,absent,audit,necessary,provide,assurance,integrity,election
surely,want,help,heal,nation,way,put,together,documentary,explain,election,steal,socialist,perhaps,identify,top,myth,movement,,,,,,
bear,want,steal,ability,watch,movie,let,take,,,,,,,,,,,,,,,,
american,competitiveness,,,,,,,,,,,,,,,,,,,,,,
instead,worry,impeachment,find,housing,great,military,protect,instead,hide,away,parking,garage,,,,,,,,,,,
bear,want,steal,ability,watch,movie,let,,,,,,,,,,,,,,,,,
hmmm,grifter,steal,picture,frame,,,,,,,,,,,,,,,,,,,
illegitimate,president,,,,,,,,,,,,,,,,,,,,,,
lie,,,,,,,,,,,,,,,,,,,,,,,
chickene,apparently,capitol,change,fraud,nov,vote,,,,,,,,,,,,,,,,,
leftist,scum,terrify,protect,cheater,cheat,,,,,,,,,,,,,,,,,,
perhaps,save,presidency,save,brand,,,,,,,,,,,,,,,,,,,
re,teach,philosophy,pig,s,evidence,dunce,re,fuhest,thing,christian,re,,,,,,,,,,,,
go,walk,go,,,,,,,,,,,,,,,,,,,,,
ill,pass,involve,fraudulent,inauguration,,,,,,,,,,,,,,,,,,,
instance,arrest,development,poster,commissioner,arrest,paicipation,fail,american,democracy,,,,,,,,,,,,,,
fact,unique,singular,insurrection,several,law,enforcement,military,fire,service,people,paicipate,cultivate,follow,law,enforcement,large,believe,make,sense,avoid,confrontation,transitio,
sad,know,sad,criminal,,,,,,,,,,,,,,,,,,,,
know,,,,,,,,,,,,,,,,,,,,,,,
leave,wing,mob,never,stop,attack,america,always,suppo,,,,,,,,,,,,,,,
forensic,audit,come,surprise,late,let,hope,wipe,,,,,,,,,,,,,,,,
supervisor,announce,mcb,agree,turn,relevant,information,,,,,,,,,,,,,,,,,
uncomfoable,hiding,desk,capital,know,boss,contribute,greatly,stoke,violence,act,yike,rosendale,suppoe,talking,point,election,steal,course,,,,,
represent,personal,need,step,,,,,,,,,,,,,,,,,,,,
distinct,constitutional,role,state,legislature,republican,politician,look,strike,ever,lift,bat,shoulder,,,,,,,,,,,
violation,oath,take,cost,lead,movement,disenfranchise,voter,life,violent,attack,democracy,,,,,,,,,,,,
right,,,,,,,,,,,,,,,,,,,,,,,
simply,put,prove,base,real,evidence,,,,,,,,,,,,,,,,,,
twitter,get,damn,boring,delusional,dem,leave,wing,meathead,movie,director,hill,singer,long,wind,wing,bad,onlyfan,post,thing,look,anymore,president,
go,keep,fight,steal,election,,,,,,,,,,,,,,,,,,,
stay,strong,president,million,patriot,stand,behind,,,,,,,,,,,,,,,,,
scare,event,do,book,,,,,,,,,,,,,,,,,,,,
learn,spell,,,,,,,,,,,,,,,,,,,,,,
slam,establishment,republican,label,push,election,integrity,sedition,national,file,atraitor,constitution,chge,accordingly,marxist,blm,repeat,anarchy,,,,,,
,,,,,,,,,,,,,,,,,,,,,,,
stop,,,,,,,,,,,,,,,,,,,,,,,
deserve,country,work,people,let,good,lifetime,live,beautiful,life,luxury,one,deserve,,,,,,,,,,,
steal,watch,think,stop,steal,urgent,else,wait,,,,,,,,,,,,,,,,
people,think,wake,get,really,wake,administration,,,,,,,,,,,,,,,,,
update,tonight,lead,letter,member,elect,demand,,,,,,,,,,,,,,,,,
likely,walk,away,fraud,claim,especially,riot,ensue,,,,,,,,,,,,,,,,
s,trump,announce,marshal,law,troop,keep,,,,,,,,,,,,,,,,,
admission,federal,election,fraud,,,,,,,,,,,,,,,,,,,,
get,suppose,,,,,,,,,,,,,,,,,,,,,,
interview,former,military,right,riot,break,,,,,,,,,,,,,,,,,,
biden,even,win,term,,,,,,,,,,,,,,,,,,,,
come,know,vote,unfounately,deep,state,minion,steal,election,dream,tell,period,humanity,wake,slumber,,,,,,,,,
alex_jone,show,official,long,exist,occupy,,,,,,,,,,,,,,,,,,
funny,tax,cut,rich,oveurne,trump,year,less,half,day,cultist,idea,competent,govt,lead,actual,sma,dedicated,people,esp,potus,,,
well,probably,already,vote,election,anyway,,,,,,,,,,,,,,,,,,
take,,,,,,,,,,,,,,,,,,,,,,,
hear,hear,truth,believe,hea,include,cheat,stole,election,never,president,,,,,,,,,,,,,
say,election,hijack,agree,election,steal,,,,,,,,,,,,,,,,,,
enjoy,win,strategy,,,,,,,,,,,,,,,,,,,,,
late,let,hope,wipe,info,ooooopsee,prove,allll,election,fraud,legislature,end,mail,ballot,strict,voter,law,,,,,,,
fact,check,planet,cry,lie,begin,,,,,,,,,,,,,,,,,,
probably,tucker,many,people,join,campaign,neck,go,thing,get,dicey,,,,,,,,,,,,,
confront,black,police,officer,defend,say,,,,,,,,,,,,,,,,,,
break,news,uprising,get,purge,pay,begin,rise,,,,,,,,,,,,,,,,
sure,meet,stop,steal,gosar,bigg,trumpet,planner,coup,man,charge,family,member,colleague,hear,denial,,,,,,,,
steal,grocery,store,pay,stuff,rest,s,wrong,people,,,,,,,,,,,,,,,
hear,trump,lie,period,,,,,,,,,,,,,,,,,,,,
many,fear,involved,rally,riot,keeping,adviseable,,,,,,,,,,,,,,,,,
follower,world,wide,percentage,kind,globalism,,,,,,,,,,,,,,,,,,
first,end,mail,ballot,never,fair,election,wake,republican,,,,,,,,,,,,,,,
take,time,day,everybodys,crying,know,get,vote,know,,,,,,,,,,,,,,,
crap,steal,vote,lose,vote,finder,keeper,foo,,,,,,,,,,,,,,,,
wait,outrage,,,,,,,,,,,,,,,,,,,,,,
freedom,day,fake,election,winner,week,week,flatten,curve,,,,,,,,,,,,,,,
delude,fool,say,get,stupid,vile,probably,take,challenge,people,stand,take,lie,leave,medium,hack,,,,,,,,
people,make,comment,threat,online,easily,catch,usually,stupid,take,seriously,silent,one,dangerous,,,,,,,,,,
piece,shit,,,,,,,,,,,,,,,,,,,,,,
fool,time,fool,time,,,,,,,,,,,,,,,,,,,,
keep,dig,,,,,,,,,,,,,,,,,,,,,,
know,rioter,speech,riot,far,back,time,casus,event,tone,atmosphere,prosecutable,,,,,,,,,,,,
actually,applause,recording,play,loudspeaker,record,rally,,,,,,,,,,,,,,,,,
empire,strike,war,humanity,enter,final,phase,,,,,,,,,,,,,,,,,
fucken,time,,,,,,,,,,,,,,,,,,,,,,
,,,,,,,,,,,,,,,,,,,,,,,
campaign,get,extensive,ever,perpetrate,american,people,repeat,lie,tell,cross,line,free,speech,fraud,,,,,,,,,
s,suppo,ask,capital,police,job,,,,,,,,,,,,,,,,,,
stopthesteal,enemy,world,japanese,suppo,reelection,president,true,democracy,achieve,fair,election,japanese,believe,regain,justice,,,,,,,,
election,fraud,docier,save,censor,,,,,,,,,,,,,,,,,,,
late,hackademic,incite,thank,,,,,,,,,,,,,,,,,,,,
demand,,,,,,,,,,,,,,,,,,,,,,,
plagiarize,forgot,trump,already,come,plan,biden,steal,,,,,,,,,,,,,,,,
reliable,source,tell,biden,stole,erection,,,,,,,,,,,,,,,,,,
petition,impeach,,,,,,,,,,,,,,,,,,,,,,
think,voter,fraud,need,address,,,,,,,,,,,,,,,,,,,
fight,hard,word,meaningless,,,,,,,,,,,,,,,,,,,,
great,man,detachment,consequence,corrupt,election,think,potus,roll,country,due,decade,gop,appeasement,concession,,,,,,,,,
forensic,audits,,,,,,,,,,,,,,,,,,,,,,
shoot,election,fraud,investigate,liberal,afraid,look,evidence,see,,,,,,,,,,,,,,,
blaze,fraud,,,,,,,,,,,,,,,,,,,,,,
say,forget,,,,,,,,,,,,,,,,,,,,,,
alex_jone,show,extended,coverage,installation,,,,,,,,,,,,,,,,,,,
nation,screw,,,,,,,,,,,,,,,,,,,,,,
wonder,many,product,stock,make,chi,ask,friend,,,,,,,,,,,,,,,,
day,moron,plan,solidify,place,bad,history,,,,,,,,,,,,,,,,,
break,thief,take,,,,,,,,,,,,,,,,,,,,,
need,keep,say,,,,,,,,,,,,,,,,,,,,,
plan,plan,end,pray,,,,,,,,,,,,,,,,,,,,
fake,news,medium,declare,winner,tally,do,,,,,,,,,,,,,,,,,
landslide,,,,,,,,,,,,,,,,,,,,,,,
steal,presidency,,,,,,,,,,,,,,,,,,,,,,
fun,irony,death,damn,day,,,,,,,,,,,,,,,,,,,
widespread,fraud,,,,,,,,,,,,,,,,,,,,,,
push,day,act,shocked,go,right,back,stoke,fear,radical,,,,,,,,,,,,,,
foune,fame,good,,,,,,,,,,,,,,,,,,,,,
s,obama,cabal,illegal,alien,good,cheap,labor,vote,re,immigrant,call,alien,country,world,,,,,,,,,
tot,toe,heeft,speler,lopen,eerste,penalty,niet,voetbal,emotie,excuse,french,,,,,,,,,,,,
fuck,fuck,fuckity,fuck,fuck,follow,,,,,,,,,,,,,,,,,,
absolutely,bring,,,,,,,,,,,,,,,,,,,,,,
joke,sick,stopthestea,,,,,,,,,,,,,,,,,,,,,
follow,freedom,,,,,,,,,,,,,,,,,,,,,,
lie,lie,lie,dominion,voting,,,,,,,,,,,,,,,,,,,
today,today,day,installation,illegitimate,anti,american,regime,,,,,,,,,,,,,,,,
post,total,disinformation,want,nation,capital,post,also,incite,violence,,,,,,,,,,,,,,
check,jazzy,video,people,wake,,,,,,,,,,,,,,,,,,,
public,learn,great,thing,trump,achieve,medium,cover,reversal,,,,,,,,,,,,,,,
easy,trump,,,,,,,,,,,,,,,,,,,,,,
remember,truly,pay,elephant,long,memory,real,majority,unite,patriotic,goal,save,put,fear,swamp,,,,,,,,,
mean,blm,riot,sedition,suppoe,,,,,,,,,,,,,,,,,,,
turnturnturn,music,video,ready,aim,fire,,,,,,,,,,,,,,,,,,
election,fraud,document,dump,inauguration,,,,,,,,,,,,,,,,,,,
people,ready,inauguration,,,,,,,,,,,,,,,,,,,,,
censor,spread,hate,threaten,blackball,conservative,s,,,,,,,,,,,,,,,,,
get,people,vote,gut,tell,least,vote,highly,suspicious,,,,,,,,,,,,,,,
thank,sir,stay,safe,,,,,,,,,,,,,,,,,,,,
think,disagree,guilty,sedition,people,never,hold,position,public,trust,divide,nation,,,,,,,,,,,,
think,reach,way,know,really,,,,,,,,,,,,,,,,,,,
let,see,s,think,,,,,,,,,,,,,,,,,,,,
hope,mover,get,full,payment,advance,otherwise,stiff,,,,,,,,,,,,,,,,
re,make,great,,,,,,,,,,,,,,,,,,,,,
break,trump,reset,wireless,access,point,name,password,make,laugh,,,,,,,,,,,,,,
undoing,establishment,declare,war,american,people,,,,,,,,,,,,,,,,,,
need,troop,protect,inaugural,probably,win,fair,square,election,,,,,,,,,,,,,,,
maybe,want,put,extremist,hashtag,social,medium,anywhere,,,,,,,,,,,,,,,,
democommie,quite,ready,program,,,,,,,,,,,,,,,,,,,,
dumb,deplorable,pay,steal,election,,,,,,,,,,,,,,,,,,,
endorsement,fraud,disgrace,nation,shame,pride,,,,,,,,,,,,,,,,,,
remember,great,president,peace,prosperity,nation,come,beg,return,well,yet,come,,,,,,,,,,,,
magas,feel,sad,right,well,fault,movement,specifically,donate,enough,hard,earn,money,sell,possession,truly,believe,fraud,self,blame,,,,
election,fraudulent,,,,,,,,,,,,,,,,,,,,,,
effo,get,away,bit,corruption,get,,,,,,,,,,,,,,,,,,
forget,name,responsible,murder,,,,,,,,,,,,,,,,,,,,
sow,steal,,,,,,,,,,,,,,,,,,,,,,
alex_jone,show,coverage,illegitimate,biden,inauguration,,,,,,,,,,,,,,,,,,
go,defend,constitution,libeie,let,illegal,immigrant,run,take,social,security,benefit,,,,,,,,,,,,
judicial,system,fail,people,,,,,,,,,,,,,,,,,,,,
biden,obliterate,woman,spos,reinstate,rule,allow,transgender,student,use,bathroom,accord,gender,identity,day,presidency,,,,,,,,
know,,,,,,,,,,,,,,,,,,,,,,,
believe,steal,pardon,,,,,,,,,,,,,,,,,,,,,
get,chance,prove,fail,,,,,,,,,,,,,,,,,,,,
vinny,prove,fact,committee,hearing,unanimously,vote,bipaisan,deceify,election,free,fair,,,,,,,,,,,,
friend,go,fall,,,,,,,,,,,,,,,,,,,,,
swear,never,forgive,cheater,succeed,election,hopefully,american,people,learn,least,biden,serve,first,term,,,,,,,,,
still,host,fundraising,page,first,,,,,,,,,,,,,,,,,,,
censor,big,tech,ceremony,,,,,,,,,,,,,,,,,,,,
lot,say,believe,know,light,strange,thing,go,stuff,already,happen,prepare,worst,pray,good,good,preferred,outcome,,,,,,
keep,post,,,,,,,,,,,,,,,,,,,,,,
surprise,learn,republican,lawmaker,major,nonse,,,,,,,,,,,,,,,,,,
invisible,nope,swamp,,,,,,,,,,,,,,,,,,,,,
restore,nation,rightful,owner,american,people,,,,,,,,,,,,,,,,,,
election,steal,landslide,evidence,compel,fake,news,big,tech,censor,truth,,,,,,,,,,,,,
late,italiani,mondo,facebook,daily,thank,,,,,,,,,,,,,,,,,,
word,calvary,come,,,,,,,,,,,,,,,,,,,,,
warn,whole,country,plan,still,get,vote,,,,,,,,,,,,,,,,,
kill,year,irrelevance,strike,fringe,gold,trump,praise,leader,,,,,,,,,,,,,,,
never,happen,country,military,street,military,patrolling,street,country,pay,hate,,,,,,,,,,,,,
know,destroy,grip,still,reason,election,record,keep,month,right,dispute,state,demand,transparent,forensic,investigation,,,,,,,,
know,,,,,,,,,,,,,,,,,,,,,,,
infowar,president,trump,emergency,address,inauguration,eve,,,,,,,,,,,,,,,,,
act,defense,secretary,say,intelligence,indicate,insider,threat,inauguration,,,,,,,,,,,,,,,
claim,election,fraud,dispute,,,,,,,,,,,,,,,,,,,,
good,yet,way,biden,,,,,,,,,,,,,,,,,,,,
long,live,,,,,,,,,,,,,,,,,,,,,,
piss,depend,right,,,,,,,,,,,,,,,,,,,,,
s,staff,,,,,,,,,,,,,,,,,,,,,,
get,ejection,information,need,check,fact,testify,oath,several,time,,,,,,,,,,,,,,
want,see,election,fraud,happen,right,stop,lie,accept,fraud,,,,,,,,,,,,,,
really,incite,violence,,,,,,,,,,,,,,,,,,,,,
week,steal,laptop,still,wait,hunter,biden,arrest,sell,explain,btw,happen,ruby,freeman,,,,,,,,,,
work,panership,turn,point,major,player,insurrection,nelson,member,fingerprint,movement,result,,,,,,,,,,,,
election,fraud,happen,right,want,see,stop,,,,,,,,,,,,,,,,,
magouille,incroyable,tout,pas,loin,procdure,dan,qqle,heure,,,,,,,,,,,,,,,
room,already,reverse,trump,policy,include,commission,,,,,,,,,,,,,,,,,
remember,diaper,throw,bus,ugly,,,,,,,,,,,,,,,,,,,
true,,,,,,,,,,,,,,,,,,,,,,,
distinct,constitutional,role,state,legislature,republican,politicia,,,,,,,,,,,,,,,,,
late,,,,,,,,,,,,,,,,,,,,,,,
pay,visit,falsely,repoe,simply,post,publicly,attend,protest,order,follow,law,false,repoe,lie,,,,,,,,,
unicorn,alternative,fact,,,,,,,,,,,,,,,,,,,,,
follow,true,maam,ill,ask,make,honary,texan,,,,,,,,,,,,,,,,
talk,trumper,steal,item,stop,,,,,,,,,,,,,,,,,,,
disgusting,fraud,pos,,,,,,,,,,,,,,,,,,,,,
mention,founder,website,,,,,,,,,,,,,,,,,,,,,
continue,steal,biden,proceed,inaugurate,pretend,experience,steal,whole,world,watch,real,time,,,,,,,,,,,
slam,establishment,republican,label,push,election,integrity,sedition,nat,,,,,,,,,,,,,,,
know,stole,title,help,ve,stop,count,lay,instead,huge,prediction,dump,think,lizard,people,also,involve,somehow,,,,,,
like,priority,,,,,,,,,,,,,,,,,,,,,,
replace,non,voter,go,show,regardless,due,,,,,,,,,,,,,,,,,
dear,fighting,get,swalwell,,,,,,,,,,,,,,,,,,,,
screenshot,prominent,qanon,folk,predict,biden,become,president,feel,free,cont,,,,,,,,,,,,,
alex_jone,show,humanity,come,together,declare,independence,great,reset,,,,,,,,,,,,,,,
super,polite,get,guy,permission,document,effo,,,,,,,,,,,,,,,,,
people,want,justice,stand,twitter,need,shut,concede,people,right,well,leave,factual,truth,,,,,,,,,,
going,throw,fan,keep,come,excuse,pay,instead,come,constantly,defend,make,excuse,ask,defend,defensible,,,,,,,,
war,room,announce,plan,arrest,prosecute,trump,suppoer,domestic,terrorist,,,,,,,,,,,,,,
lose,test,match,,,,,,,,,,,,,,,,,,,,,
mindful,friend,,,,,,,,,,,,,,,,,,,,,,
romney,already,,,,,,,,,,,,,,,,,,,,,,
climate,change,farce,take,action,kill,today,stop,border,wall,kill,job,concentrate,climate,change,world,begin,ice,age,crock,crap,,,
vote,,,,,,,,,,,,,,,,,,,,,,,
forgot,,,,,,,,,,,,,,,,,,,,,,,
suspendido,por,tre,mese,puede,enfrentar,expulsin,solo,por,asistir,,,,,,,,,,,,,,
sad,day,country,freedom,independence,ancestor,fight,hard,hand,else,pay,family,,,,,,,,,,,,
break,stopthesteal,enemy,world,japanese,suppo,reelection,president,true,democracy,achieve,fair,election,,,,,,,,,,,
believe,coincidence,,,,,,,,,,,,,,,,,,,,,,
mind,great,meeting,today,folk,stop,steal,nation,encourage,keep,fighting,assure,look,forward,duty,say,include,hashtag,,,,,,
plan,delete,account,tomorrow,,,,,,,,,,,,,,,,,,,,
dear,keep,root,take,look,video,,,,,,,,,,,,,,,,,,
truth,,,,,,,,,,,,,,,,,,,,,,,
still,forget,,,,,,,,,,,,,,,,,,,,,,
say,loser,tiny,hand,run,turd,reich,fail,cultist,join,movement,free,refreshment,serve,,,,,,,,,,
get,evidence,retweete,still,use,twitter,crowd,shot,rally,,,,,,,,,,,,,,,
pedophile,guilty,conscience,concede,use,last,year,fix,family,,,,,,,,,,,,,,,
fake,misleading,account,probably,sell,use,font,capital,look,low,case,happen,twitter,lot,type,twitter,suggest,end,actually,capital,get,use,lot,
late,effos,impeach,thank,,,,,,,,,,,,,,,,,,,,
let,,,,,,,,,,,,,,,,,,,,,,,
interesting,sudden,think,incapable,discerning,fact,know,afraid,,,,,,,,,,,,,,,,
feel,steal,stae,,,,,,,,,,,,,,,,,,,,,
wrong,standard,hotel,,,,,,,,,,,,,,,,,,,,,
feed,lie,provoke,,,,,,,,,,,,,,,,,,,,,
billionaire,give,million,patriot,group,back,pro,trump,rally,,,,,,,,,,,,,,,
pray,wrongly,accuse,,,,,,,,,,,,,,,,,,,,,
love,pillowproduct,,,,,,,,,,,,,,,,,,,,,,
fall,,,,,,,,,,,,,,,,,,,,,,,
watch,complete,failure,branch,government,stop,steal,election,know,influence,know,take,money,big,problem,,,,,,,,,
bring,blue,falcon,thank,libtard,ruin,military,,,,,,,,,,,,,,,,,
election,law,break,perpetrate,fraud,,,,,,,,,,,,,,,,,,,
table,turn,,,,,,,,,,,,,,,,,,,,,,
bijna,go,,,,,,,,,,,,,,,,,,,,,,
meet,legit,anarchist,dude,dumpster,diving,matter,principle,agorist,rally,agree,much,find,common,ground,thing,permaculture,trust,fed,,,,,
rhetorical,question,presume,,,,,,,,,,,,,,,,,,,,,
run,always,suppo,,,,,,,,,,,,,,,,,,,,,
even,break,first,approval,swear,,,,,,,,,,,,,,,,,,,
many,fear,involved,rally,riot,keeping,adviseabl,,,,,,,,,,,,,,,,,
medium,coverage,peaceful,ass,,,,,,,,,,,,,,,,,,,,
hoe,planning,donate,salary,say,,,,,,,,,,,,,,,,,,,
,,,,,,,,,,,,,,,,,,,,,,,
priority,many,loyal,trump,suppoer,,,,,,,,,,,,,,,,,,,
education,system,totally,fail,,,,,,,,,,,,,,,,,,,,
man,tie,shoelace,well,get,right,side,history,sis,boy,go,,,,,,,,,,,,,
hopefully,sit,jail,cell,tomorrow,night,,,,,,,,,,,,,,,,,,
mundo,algn,,,,,,,,,,,,,,,,,,,,,,
announce,use,dollar,relief,fill,state,budget,hole,truly,dupe,system,income,earn,,,,,,,,,,,
break,trump,reset,wireless,access,point,name,password,,,,,,,,,,,,,,,,
know,communist,pay,refuse,,,,,,,,,,,,,,,,,,,,
re,liar,liberal,election,steal,,,,,,,,,,,,,,,,,,,
thank,keep,keep,question,covid,response,suppo,justice,,,,,,,,,,,,,,,,
insurrection,make,,,,,,,,,,,,,,,,,,,,,,
look,right,front,rally,morning,,,,,,,,,,,,,,,,,,,
steal,right,protest,steal,,,,,,,,,,,,,,,,,,,,
seem,odd,biden,presidency,vote,ever,people,flee,blue,state,red,state,,,,,,,,,,,,
believe,legislature,decide,outcome,game,founder,intend,,,,,,,,,,,,,,,,,
check,letter,resignation,conservative,target,fight,summary,begin,fifth,paragraph,leader,pac,founder,brave,,,,,,,,,,
election,forward,never,vote,candidate,thank,spineless,republican,,,,,,,,,,,,,,,,
way,family,treat,president,history,people,stole,election,,,,,,,,,,,,,,,,
amazon,say,employee,want,vote,union,vote,person,mail,ballot,cite,serious,systemic,flaw,concern,mail,vote,fraud,lol,,,,,
miss,scream,loud,member,claim,people,need,whip,frenzy,hunt,expedition,capitol,vice,president,,,,,,,,,,
happen,unpopular,politician,leave,dem,steal,election,electionfraud,power,govern,scare,less,governed,go,take,back,know,legitimate,,,,,,
sure,own,president,use,elated,,,,,,,,,,,,,,,,,,,
inciter,tweet,nancys,location,minute,trump,terrorist,storm,cap,,,,,,,,,,,,,,,
opposite,touch,trump,touch,turn,,,,,,,,,,,,,,,,,,,
work,eat,play,enjoy,life,stop,people,decide,say,lockdown,far,hermetically,seal,candidate,,,,,,,,,,
happen,biden,want,hildebeast,still,walk,around,free,pretty,sure,biden,go,remain,free,bummer,,,,,,,,,
,,,,,,,,,,,,,,,,,,,,,,,
ballot,harvesting,illegal,,,,,,,,,,,,,,,,,,,,,
saint,lead,begin,game,go,find,point,bucs,,,,,,,,,,,,,,,,
stand,,,,,,,,,,,,,,,,,,,,,,,
utterly,disgusting,knew,jackass,go,right,back,fail,policy,appease,disgusting,bunch,fraudulently,help,cheat,office,,,,,,,,
need,suppoer,need,friend,right,place,paper,ballot,,,,,,,,,,,,,,,,
little,sauce,gander,day,trump,legitimately,sycophant,call,look,methodology,impeach,san,evidence,,,,,,,,,,,
drago,bigly,round,mail,punch,stae,come,old,story,,,,,,,,,,,,,,,
sticker,,,,,,,,,,,,,,,,,,,,,,,
hashtagge,twitter,post,reason,fire,,,,,,,,,,,,,,,,,,,
fundraise,secret,page,still,appear,payment,process,,,,,,,,,,,,,,,,,
keep,thinking,keep,steal,waste,money,people,bitter,end,agree,hard,earn,money,current,total,year,,,,,,,,
purge,content,phrase,ban,word,mean,happen,,,,,,,,,,,,,,,,,
yet,attack,trump,accuse,stae,riot,unsubstantiated,claim,election,fraud,lazy,slug,think,right,,,,,,,,,,
justice,give,corrupt,election,thorough,examination,people,know,stand,,,,,,,,,,,,,,,
do,damn,job,,,,,,,,,,,,,,,,,,,,,
pray,awesome,new,conservative,legislature,need,,,,,,,,,,,,,,,,,,
,,,,,,,,,,,,,,,,,,,,,,,
galvanize,post,new,candidate,carry,next,level,policy,remind,voter,suppoe,,,,,,,,,,,,,
still,available,,,,,,,,,,,,,,,,,,,,,,
vote,steal,vote,mean,,,,,,,,,,,,,,,,,,,,
unity,,,,,,,,,,,,,,,,,,,,,,,
time,,,,,,,,,,,,,,,,,,,,,,,
amy_kremer,still,use,steal,election,website,hashtag,solicit,donation,first,,,,,,,,,,,,,,
amy_kremer,still,use,steal,election,website,hashtag,solicit,donation,nonprofit,wom,,,,,,,,,,,,,
finally,admit,incite,riot,speech,plan,advance,,,,,,,,,,,,,,,,,
use,prove,strategy,appeal,hole,constitutional,ideal,,,,,,,,,,,,,,,,,
unpatriotic,brook,perform,,,,,,,,,,,,,,,,,,,,,
thought,risk,people,like,give,attendance,local,rally,perpetuate,myth,voter,fraud,,,,,,,,,,,,
brook,rally,riot,,,,,,,,,,,,,,,,,,,,,
,,,,,,,,,,,,,,,,,,,,,,,
attempt,deprogramming,begin,continue,work,american,mind,,,,,,,,,,,,,,,,,
submit,abuse,team,amy_kremer,first,solicit,donation,site,hashtag,godaddy,site,host,registrar,decision,,,,,,,,,,
goog,old,venezuelan,socialism,aoc,mean,,,,,,,,,,,,,,,,,,
defy,stupid,conclusion,antifa,idea,,,,,,,,,,,,,,,,,,,
domestic,terrorist,gather,waterfront,park,yesterday,basically,continue,intimidate,,,,,,,,,,,,,,,
lawmaker,continue,investigation,extensive,evidence,widespread,,,,,,,,,,,,,,,,,,
stupid,stupid,,,,,,,,,,,,,,,,,,,,,,
lawyer,dispute,insinuate,speech,rally,incited,insurr,,,,,,,,,,,,,,,,,
even,oan,last,cultist,turn,light,,,,,,,,,,,,,,,,,,
serious,question,think,pay,trip,much,family,trump,kimberly,trip,cost,taxpayer,business,insider,,,,,,,,,,
let,get,straight,justice,cous,bring,goon,litigate,conspiracy,basically,lie,know,talk,right,evidence,bring,shut,dumb,ass,,,,,
base,cause,riot,promise,,,,,,,,,,,,,,,,,,,,
bullseee,tweet,senator,rep,whine,go,fool,know,world,know,election,fraud,never,lift,finger,demand,go,,,,,,,
let,stephanie,cutter,spread,propaganda,network,version,unity,trump,voter,drop,belief,shut,,,,,,,,,,,
governor,say,unlawful,guestion,election,result,unlawful,steal,vote,see,hearing,swear,affidavit,witness,testify,legal,representative,show,evidence,election,fraud,,,
host,amy_kremer,page,fundraising,site,first,holder,profit,terrorism,remove,site,,,,,,,,,,,,,
trump,silence,loud,deafen,,,,,,,,,,,,,,,,,,,,
republican,official,share,microphone,white,nationalist,conspiracist,event,attend,,,,,,,,,,,,,,,
check,analysis,rally,check,video,,,,,,,,,,,,,,,,,,,
russian,owner,want,huddling,fascist,comrade,stop,steal,hard,work,american,,,,,,,,,,,,,
big,lie,voter,fraud,election,,,,,,,,,,,,,,,,,,,
claim,capitol,different,half,rally,attendee,walk,mile,rally,,,,,,,,,,,,,,,
alex_jone,show,let,globalist,gaslight,,,,,,,,,,,,,,,,,,,
hope,historian,archivist,maintenance,folk,take,inventory,send,police,retrieve,steal,good,throw,jail,take,new,meaning,,,,,,,
apparently,think,duty,pay,supposedly,hypocrite,,,,,,,,,,,,,,,,,,
roam,day,rest,life,,,,,,,,,,,,,,,,,,,,
stae,first,write,raise,righteous,protest,enrage,honestly,believe,steal,really,seem,want,citizen,kill,publicly,disavow,,,,,,,
need,look,election,law,change,last,minute,state,,,,,,,,,,,,,,,,
help,middle,thought,prayer,,,,,,,,,,,,,,,,,,,,
new,shame,corruption,theft,lie,commie,bring,,,,,,,,,,,,,,,,,
organizer,akbar,alexander,hide,deliver,message,update,beg,money,,,,,,,,,,,,,,,
,,,,,,,,,,,,,,,,,,,,,,,
really,grieve,theft,presidency,constitution,,,,,,,,,,,,,,,,,,,
husband,allow,state,run,crooked,screw,forget,,,,,,,,,,,,,,,,,
great,also,agree,even,associate,rioter,mass,majority,trump,suppoer,live,stream,riot,,,,,,,,,,,
voter,fraud,explain,,,,,,,,,,,,,,,,,,,,,
want,delay,trial,bring,forward,house,objection,election,result,unleash,,,,,,,,,,,,,,
reminder,go,away,people,go,know,inaugurate,change,worse,never,,,,,,,,,,,,,,
justice,need,arrest,treason,,,,,,,,,,,,,,,,,,,,
entire,coaching,staff,truly,display,kick,throw,game,feel,sick,hard,work,take,moneyline,rob,,,,,,,,,
deep,state,go,,,,,,,,,,,,,,,,,,,,,
legit,government,,,,,,,,,,,,,,,,,,,,,,
make,impoant,point,long,proud,history,peaceful,transfer,power,end,lie,tell,stunning,video,troop,march,street,stop,,,,,,
democratic,problem,,,,,,,,,,,,,,,,,,,,,,
give,week,boot,door,,,,,,,,,,,,,,,,,,,,
need,contact,state,legislator,stop,illegal,voting,email,swing,state,affect,entire,country,complain,need,fair,election,lose,forever,,,,,
get,bottom,theft,national,election,,,,,,,,,,,,,,,,,,,
right,wing,fanaticism,reactionary,radical,vandalism,insurrection,big,lie,election,really,process,ballot,election,signature,chain,custody,fact,,,,,,
sure,sound,describe,democrat,,,,,,,,,,,,,,,,,,,,
ballot,modify,election,sample,ballot,show,material,amount,even,real,people,,,,,,,,,,,,,
thought,dem,create,obvious,establishment,candidate,become,front,runner,primary,election,top,candidate,miraculously,drop,kindly,hand,delegate,,,,,,
hope,realize,potus,stressful,dementia,ride,brain,,,,,,,,,,,,,,,,,
proof,positive,trump,convict,prevent,running,president,,,,,,,,,,,,,,,,,
dem,confident,steal,election,go,forward,bother,impeach,pre,trump,run,dare,hope,fair,election,future,,,,,,,,
quick,bring,national,guard,wait,busy,building,wall,,,,,,,,,,,,,,,,
idiot,,,,,,,,,,,,,,,,,,,,,,,
violation,oath,office,order,much,serious,make,mistake,focus,speech,rally,visible,crime,republican,argue,free,speech,,,,,,,
evidence,election,regularity,thing,transparent,election,lack,transparency,force,free,election,world,country,call,,,,,,,,,,
icymi,really,always,lie,,,,,,,,,,,,,,,,,,,,
agree,hopefully,inaugurate,,,,,,,,,,,,,,,,,,,,,
,,,,,,,,,,,,,,,,,,,,,,,
guess,suppoe,finance,propaganda,mass,mail,unsolicited,ballot,election,bezos,use,impeachment,defense,leftist,mob,hate,bezo,,,,,,,
really,,,,,,,,,,,,,,,,,,,,,,,
folk,denounce,insurrection,done,successful,,,,,,,,,,,,,,,,,,,
big,difference,protest,protest,reality,agree,protest,really,kill,pure,fantasy,well,protest,unicorn,,,,,,,,,,
democracy,hijack,deep,state,swamp,,,,,,,,,,,,,,,,,,,
bad,mouthed,trash,moment,announce,candidacy,yet,yap,go,type,affect,outcome,sit,traitor,,,,,,,,,,
also,day,twitter,see,surprise,follow,biden,never,follow,stole,follow,white_house,keep,steal,follow,include,mine,matter,many,time,unfollowed,block,,
love,completely,agree,pursuit,,,,,,,,,,,,,,,,,,,,
go,hoe,ass,even,,,,,,,,,,,,,,,,,,,,
people,incite,take,way,suppoe,,,,,,,,,,,,,,,,,,,
brick,wall,,,,,,,,,,,,,,,,,,,,,,
use,tax,payer,dollar,fly,ukraine,time,sex,trafficking,extoion,,,,,,,,,,,,,,
maybe,want,show,empty,shelf,,,,,,,,,,,,,,,,,,,
got,touch,get,respect,national,medium,dpoy,,,,,,,,,,,,,,,,,
traitor,do,,,,,,,,,,,,,,,,,,,,,,
remember,trumper,remember,thing,impeach,president,twice,want,unity,want,forget,do,president,lol,,,,,,,,,,
try,take,credit,work,ghost,pbuh,,,,,,,,,,,,,,,,,,
funny,none,feel,way,year,ago,,,,,,,,,,,,,,,,,,
slam,establishment,republican,label,push,election,integrity,sedition,national,file,,,,,,,,,,,,,,
trump,,,,,,,,,,,,,,,,,,,,,,,
never,stop,fight,freedom,,,,,,,,,,,,,,,,,,,,
believe,vote,steal,maricopa,county,read,aicle,forensically,audit,voting,machine,soon,finally,know,truth,,,,,,,,,
liberal,care,vote,power,get,honestly,get,matter,much,,,,,,,,,,,,,,,
election,reek,fraud,corruption,,,,,,,,,,,,,,,,,,,,
love,usurper,sos,,,,,,,,,,,,,,,,,,,,,
audit,election,,,,,,,,,,,,,,,,,,,,,,
military,,,,,,,,,,,,,,,,,,,,,,,
resign,seat,impeachment,vote,bet,killjoy,vengeful,socialist,need,never,miss,chance,kick,compel,bail,blm,rioter,destroy,business,cause,massive,chaos,,
go,away,,,,,,,,,,,,,,,,,,,,,,
congressman,delete,tweet,say,meet,tell,keep,fight,boy,,,,,,,,,,,,,,,
hear,suggestion,,,,,,,,,,,,,,,,,,,,,,
organizer,akbar,alexander,hide,deliver,message,update,beg,money,misuse,platform,join,paypal,venmo,other,block,platform,raise,money,violence,fraud,,,
definition,fake,,,,,,,,,,,,,,,,,,,,,,
say,thank,voter,say,thank,dominion,thank,machine,stuff,ballot,box,thank,republican,pol,nt,thing,,,,,,,,
explain,legislative,branch,place,private,citizen,trump,trial,constitution,judicial,branch,trial,next,military,cou,marshal,imprison,already,honorably,discharge,vet,,,
understand,smile,cry,home,happen,election,fear,happen,country,let,pretend,happen,,,,,,,,,,,,
last,cultist,turn,light,,,,,,,,,,,,,,,,,,,,
get,chance,prove,fail,resign,immediately,,,,,,,,,,,,,,,,,,
lol,,,,,,,,,,,,,,,,,,,,,,,
vote,president,trump,push,government,put,concentration,camp,,,,,,,,,,,,,,,,
ve,shut,blm,riot,,,,,,,,,,,,,,,,,,,,
account,violate,civic,integrity,rule,question,election,result,allow,,,,,,,,,,,,,,,
think,ground,send,arrest,financier,bus,load,people,campaign,lie,lead,,,,,,,,,,,,,
overflow,million,stand,president,,,,,,,,,,,,,,,,,,,,
blackmail,vet,dark,secret,closet,remember,resign,soon,trump,,,,,,,,,,,,,,,
rig,election,,,,,,,,,,,,,,,,,,,,,,
musk,company,capability,create,cloud,server,host,phone,operating,system,host,web,mobile,app,suppo,free,speech,base,law,,,,,
dem,repeat,lie,time,enact,authoritarian,style,tactic,still,change,fact,truth,expose,,,,,,,,,,,
,,,,,,,,,,,,,,,,,,,,,,,
though,,,,,,,,,,,,,,,,,,,,,,,
chase,month,say,still,take,week,process,pay,long,call,far,understand,money,owe,already,,,,,,,,,
need,do,mayo,,,,,,,,,,,,,,,,,,,,,
violation,oath,take,cost,lead,movement,,,,,,,,,,,,,,,,,,
go,care,country,less,job,demand,mental,eval,man,take,full,order,obama,,,,,,,,,,,
go,yet,assume,go,end,day,,,,,,,,,,,,,,,,,,
president,,,,,,,,,,,,,,,,,,,,,,,
excess,vote,battleground,state,,,,,,,,,,,,,,,,,,,,
break,trump,release,farewell,video,,,,,,,,,,,,,,,,,,,
say,,,,,,,,,,,,,,,,,,,,,,,
fuel,fury,anti,sell,soul,devil,,,,,,,,,,,,,,,,,,
government,arrest,antifa,insurrection,sedition,act,arrest,walk,capital,building,human,flow,,,,,,,,,,,,
massive,job,loss,censorship,cheat,lie,,,,,,,,,,,,,,,,,,
,,,,,,,,,,,,,,,,,,,,,,,
big,lie,tell,today,,,,,,,,,,,,,,,,,,,,
finally,admit,win,election,,,,,,,,,,,,,,,,,,,,
contrast,real,majority,winner,whole,adore,corruption,king,steal,dream,matter,fake,indian,origin,policy,holistic,ethic,politic,contradiction,,,,,
press,room,address,anytime,wish,speak,ready,,,,,,,,,,,,,,,,,
join,defend,indicate,interested,view,fuck,life,vote,citizen,choice,democracy,harm,livelihood,american,,,,,,,,,,
wonder,shitty,fake,news,outlet,going,survive,office,anymore,many,fake,story,run,lol,business,hopefully,,,,,,,,
s,sad,cheater,reward,,,,,,,,,,,,,,,,,,,,
regret,biden,,,,,,,,,,,,,,,,,,,,,,
take,money,steal,election,american,voter,know,point,know,know,bad,get,,,,,,,,,,,,
meeting,defend,effos,decline,take,question,medium,afterward,,,,,,,,,,,,,,,,
,,,,,,,,,,,,,,,,,,,,,,,
waz,rig,tell,,,,,,,,,,,,,,,,,,,,,
good,job,dem,,,,,,,,,,,,,,,,,,,,,
trump,claim,election,steal,help,liberal,medium,lead,chant,pay,hate,speech,use,incite,violent,mob,january,,,,,,,
forget,block,help,trump,,,,,,,,,,,,,,,,,,,,
fake,news,fake,american,,,,,,,,,,,,,,,,,,,,
election,force,cheat,,,,,,,,,,,,,,,,,,,,,
congratulation,win,respective,season,need,see,anymore,,,,,,,,,,,,,,,,,
write,linker,,,,,,,,,,,,,,,,,,,,,,
extremely,disturbing,see,many,uneducated,easily,fool,comedy,well,call,,,,,,,,,,,,,,
say,collusion,time,interrupt,reject,motion,,,,,,,,,,,,,,,,,,
thing,know,sure,impeach,vote,explain,rally,,,,,,,,,,,,,,,,,
go,independent,sure,voter,lot,election,security,law,many,red,state,join,wait,find,,,,,,,,,,
single,stab,come,time,,,,,,,,,,,,,,,,,,,,
fradulent,president,get,busy,put,last,course,already,know,,,,,,,,,,,,,,,
brag,floor,address,rally,right,attempt,try,disrupt,election,ceification,bad,,,,,,,,,,,,,
tell,listen,also,happen,need,white_house,,,,,,,,,,,,,,,,,,
member,need,carry,resign,world,light,terrorist,attack,suppoe,complicity,ashame,,,,,,,,,,,,,
rally,illegal,broke,law,punish,unnecessary,hysteria,,,,,,,,,,,,,,,,,
see,definitely,hardworke,american,,,,,,,,,,,,,,,,,,,,
consequence,really,believe,,,,,,,,,,,,,,,,,,,,,
forensic,audit,come,surprise,late,let,hope,wipe,info,ooooopsee,prove,allll,election,fraud,legislature,end,mail,ballot,strict,voter,law,,,
hotel,investigate,get,name,stay,hotel,,,,,,,,,,,,,,,,,,
keep,narrative,away,election,fraud,,,,,,,,,,,,,,,,,,,
meeting,tell,keep,fight,,,,,,,,,,,,,,,,,,,,
incite,come,try,clean,hand,,,,,,,,,,,,,,,,,,,
piss,lindsay,,,,,,,,,,,,,,,,,,,,,,
tax,exempt,org,woman,first,still,use,hashtag,solicit,donation,webs,,,,,,,,,,,,,
stop,ask,wrong,question,choose,election,steal,right,front,eye,call,call,election,denialist,recourse,justice,,,,,,,,
bless,military,,,,,,,,,,,,,,,,,,,,,,
lmfao,fuck,fother,mucker,,,,,,,,,,,,,,,,,,,,
guard,troop,hour,audit,vote,handful,state,month,absurd,,,,,,,,,,,,,,,
country,stun,censure,vote,trump,declare,vocal,majority,wyoming,republican,recognize,significant,irregularity,election,say,,,,,,,,,
dear,attorney,general,first,register,state,first,currently,use,website,hashtag,solicit,donation,thought,,,,,,,,,,
,,,,,,,,,,,,,,,,,,,,,,,
heap,history,soon,embarrassing,,,,,,,,,,,,,,,,,,,,
know,need,hear,election,steal,biden,illegitimate,know,know,never,back,belief,elect,election,,,,,,,,,,
thought,today,,,,,,,,,,,,,,,,,,,,,,
talk,see,call,mislead,,,,,,,,,,,,,,,,,,,,
fruit,chinese,leader,labor,,,,,,,,,,,,,,,,,,,,
soe,ride,speak,tour,,,,,,,,,,,,,,,,,,,,
actie,,,,,,,,,,,,,,,,,,,,,,,
election,law,break,battleground,state,,,,,,,,,,,,,,,,,,,
late,group,daily,thank,,,,,,,,,,,,,,,,,,,,
seem,ten,million,think,draft,legislation,make,talk,debate,law,punishable,fine,time,,,,,,,,,,,
people,swear,office,biden,impose,office,holder,official,power,people,accept,impose,office,holder,make,stand,,,,,,,,
piss,kemp,,,,,,,,,,,,,,,,,,,,,,
never,pardon,failure,daca,go,,,,,,,,,,,,,,,,,,,
poster,print,comply,limited,run,,,,,,,,,,,,,,,,,,,
state,go,blue,matter,already,determine,long,election,feel,totally,violate,election,steal,right,s,feel,,,,,,,,
much,come,week,ahead,central,lead,misinformation,campaign,,,,,,,,,,,,,,,,
supposedly,beat,,,,,,,,,,,,,,,,,,,,,,
follow,subscribe,youtube,leader,investigation,election,fraud,,,,,,,,,,,,,,,,,
pardon,pardon,man,steal,money,people,fake,wall,,,,,,,,,,,,,,,,
exactness,video,manipulate,seem,know,half,time,,,,,,,,,,,,,,,,,
fight,hard,trump,issue,,,,,,,,,,,,,,,,,,,,
let,impose,restriction,interfere,election,whole,pay,,,,,,,,,,,,,,,,,
fault,,,,,,,,,,,,,,,,,,,,,,,
late,healing,power,series,daily,thank,,,,,,,,,,,,,,,,,,
elect,official,attend,rally,end,sack,resign,remove,disqualify,public,office,amendment,disgrace,,,,,,,,,,,
use,prove,strategy,appeal,fragile,male,hole,constitutional,ideal,,,,,,,,,,,,,,,
infowar,elite,plan,satanic,ritual,inauguration,,,,,,,,,,,,,,,,,,
still,lie,conspiracy,theory,private,platform,silence,instead,believe,follow,,,,,,,,,,,,,,
awful,majority,leader,provoke,president,powerful,people,rino,pos,,,,,,,,,,,,,,,
suspendido,por,tre,mese,puede,enfrentar,expulsin,solo,por,electoral,gas,,,,,,,,,,,,,
bad,representative,retract,claim,apologize,spur,,,,,,,,,,,,,,,,,,
already,go,,,,,,,,,,,,,,,,,,,,,,
let,keep,republic,,,,,,,,,,,,,,,,,,,,,
rating,sit,enter,office,point,enter,office,point,trump,leave,office,totally,get,vote,,,,,,,,,,
see,state,constitution,violate,saw,counting,stop,ballot,table,signature,affidavit,say,,,,,,,,,,,,
indian,high,median,income,expatriate,value,indian,opinion,,,,,,,,,,,,,,,,
let,wake,really,happen,,,,,,,,,,,,,,,,,,,,
ball,d,call,steal,election,,,,,,,,,,,,,,,,,,,
dear,go,terribly,wrong,twitter,politicization,gain,follower,,,,,,,,,,,,,,,,
look,day,people,judge,color,skin,content,character,,,,,,,,,,,,,,,,
military,control,verifie,marker,end,,,,,,,,,,,,,,,,,,,
actually,trump,vote,,,,,,,,,,,,,,,,,,,,,
inauguration,do,warrant,issue,biden,sta,signing,order,dinner,maybe,desse,happen,,,,,,,,,,,,
maybe,rest,concentrate,election,fraud,crew,cause,,,,,,,,,,,,,,,,,
ilk,ultimate,buffoon,fool,,,,,,,,,,,,,,,,,,,,
rioting,leave,,,,,,,,,,,,,,,,,,,,,,
facebook,put,social,medium,site,,,,,,,,,,,,,,,,,,,
know,do,do,tomorrow,long,amount,censorship,propaganda,persuade,otherwise,,,,,,,,,,,,,,
val,manipulerat,stulit,ngot,som,ingen,vill,ingen,bakom,detta,,,,,,,,,,,,,,
give,soldier,access,hotel,see,need,office,many,dare,retweet,,,,,,,,,,,,,,
absolutely,find,suppo,insurrection,ellipse,capitol,people,dead,multiple,life,long,injury,officer,lose,eye,commit,sedition,especially,position,power,chant,rigged,election,
fall,mobster,,,,,,,,,,,,,,,,,,,,,,
elevation,fake,make,voter,want,cheer,inaguration,day,,,,,,,,,,,,,,,,
congrat,ruin,political,career,credibility,,,,,,,,,,,,,,,,,,,
name,,,,,,,,,,,,,,,,,,,,,,,
put,poster,wall,next,mbdtf,poster,history,,,,,,,,,,,,,,,,,
true,meaning,,,,,,,,,,,,,,,,,,,,,,
collusion,time,interrupt,reject,motion,,,,,,,,,,,,,,,,,,,
black,man,despair,strongly,feel,result,steal,election,change,,,,,,,,,,,,,,,
war,room,block,administration,current,operation,intelligence,,,,,,,,,,,,,,,,,
case,want,screenshot,save,,,,,,,,,,,,,,,,,,,,
keep,get,bad,polling,automate,rank,system,datum,pull,poll,rank,ease,,,,,,,,,,,,
go,drop,right,speak,opinion,,,,,,,,,,,,,,,,,,,
alex_jone,show,red,ale,identity,false,flag,attacker,discover,,,,,,,,,,,,,,,
wake,active,duty,military,member,veteran,vote,see,domestic,enemy,give,vote,,,,,,,,,,,,
hope,today,day,see,arrest,remove,office,,,,,,,,,,,,,,,,,
s,know,able,oveurn,election,lie,say,also,lie,election,fraud,way,else,head,leg,,,,,,,,,
mask,work,wear,mask,kill,folk,,,,,,,,,,,,,,,,,,
sedition,steal,election,impeach,sit,president,brag,camera,sedition,sell,personal,enrichment,,,,,,,,,,,,
penalty,,,,,,,,,,,,,,,,,,,,,,,
safe,guard,inauguration,possible,way,stay,evil,insider,train,fsb,other,oveake,train,prepped,airstrike,,,,,,,,,
steal,election,lately,,,,,,,,,,,,,,,,,,,,,
announce,scheduling,daily,,,,,,,,,,,,,,,,,,,,,
somehow,dipshit,get,vote,,,,,,,,,,,,,,,,,,,,
obvious,rigging,take,place,,,,,,,,,,,,,,,,,,,,
,,,,,,,,,,,,,,,,,,,,,,,
mean,hashtag,call,arm,keep,proper,track,take,allow,outgoing,debt,bunch,people,little,regard,ethic,oversight,,,,,,,
still,host,fundraising,page,nonprofit_woman,ame,,,,,,,,,,,,,,,,,,
say,ear,serve,cultist,refreshment,tiny,hand,man,preoccupy,watch,pee,pee,tape,,,,,,,,,,,
know,truth,really,even,,,,,,,,,,,,,,,,,,,,
bull,steal,election,give,time,well,produce,evidence,trump,give,first,remark,leave,office,impeachment,trial,delay,,,,,,,
day,forward,federal,refer,rest,family,grifte,unity,traitor,good,luck,find,unpaid,lawyer,manage,never,mind,criminal,exposure,,,,,
incendiary,word,regard,make,hate,liberal,divide,nation,never,suppo,fraudulent,biden,,,,,,,,,,,,
real,criminal,pol,yell,know,lie,,,,,,,,,,,,,,,,,,
