,,,,,,,,,,,,,,,,,,,,,,,,,,,,
hit,piece,alexander,plan,stop,election,steal,,,,,,,,,,,,,,,,,,,,,,
pass,get,trend,,,,,,,,,,,,,,,,,,,,,,,,,,
hell,,,,,,,,,,,,,,,,,,,,,,,,,,,,
people,accuse,steal,election,actually,try,steal,election,right,front,eye,wake,say,,,,,,,,,,,,,,,,
make,voice,hear,conservative,throw,,,,,,,,,,,,,,,,,,,,,,,,
agree,plan,vote,person,power,make,sure,,,,,,,,,,,,,,,,,,,,,,
right,wish,preserve,integrity,election,process,leave,want,deprive,conservative,right,make,sole,propey,principle,intention,pure,,,,,,,,,,,,
possible,,,,,,,,,,,,,,,,,,,,,,,,,,,,
covid,serious,condition,university,campus,get,play,,,,,,,,,,,,,,,,,,,,,,
vote,person,election,day,trump,suppoer,suppo,democracy,prove,allow,elite,steal,election,,,,,,,,,,,,,,,,
late,arkay,design,daily,thank,,,,,,,,,,,,,,,,,,,,,,,,
let,see,influencer,give,credit,,,,,,,,,,,,,,,,,,,,,,,,
time,,,,,,,,,,,,,,,,,,,,,,,,,,,,
happen,watch,broadcast,big,tech,announce,block,trump,victory,speech,unretire,,,,,,,,,,,,,,,,,,
lie,,,,,,,,,,,,,,,,,,,,,,,,,,,,
vote,person,election,day,drove,prove,elite,allow,steal,election,,,,,,,,,,,,,,,,,,,
look,buy,event,pray,,,,,,,,,,,,,,,,,,,,,,,,,
think,primary,shear,incompetence,hope,wrong,believe,mobilizing,try,steal,election,believe,legitimate,president,think,action,take,justified,obamagate,,,,,,,,,,
elect,government,position,,,,,,,,,,,,,,,,,,,,,,,,,,
need,watch,order,get,ahead,terrible,care,win,s,related,romney,care,either,,,,,,,,,,,,,,,,
listen,share,,,,,,,,,,,,,,,,,,,,,,,,,,,
remember,say,take,sling,arrow,american,people,love,even,deeply,enemy,put,think,crowd,shout,chant,love,thank,,,,,,,,,,,
protest,cemetery,gate,,,,,,,,,,,,,,,,,,,,,,,,,,
come,national,level,month,ballot,harvesting,try,national,level,,,,,,,,,,,,,,,,,,,,
ali,big,tech,announce,block,trump,victory,speech,unretire,,,,,,,,,,,,,,,,,,,,
year,say,make,change,lie,,,,,,,,,,,,,,,,,,,,,,,,
big,trump,ali,people,,,,,,,,,,,,,,,,,,,,,,,,,
,,,,,,,,,,,,,,,,,,,,,,,,,,,,
watch,broadcast,big,tech,announce,block,trump,victory,speech,unretire,,,,,,,,,,,,,,,,,,,
none,democratic,socialist,intend,delay,vote,count,day,re,set,mail,box,fire,remove,ballot,box,primary,re,plan,chaos,plan,win,,,,,,,
read,morning,count,sign,neighborhood,household,find,biden,sign,,,,,,,,,,,,,,,,,,,,
,,,,,,,,,,,,,,,,,,,,,,,,,,,,
block,protest,call,action,broadcast,big,tech,announce,block,trump,victory,speech,unretire,,,,,,,,,,,,,,,,
know,try,set,steal,let,happen,,,,,,,,,,,,,,,,,,,,,,,
say,death,time,frame,,,,,,,,,,,,,,,,,,,,,,,,,
love,community,,,,,,,,,,,,,,,,,,,,,,,,,,,
warn,ali,,,,,,,,,,,,,,,,,,,,,,,,,,,
proof,want,sure,ally,happy,confirm,take,place,,,,,,,,,,,,,,,,,,,,,
yike,roonie,retweet,,,,,,,,,,,,,,,,,,,,,,,,,,
dad,go,year,receive,ballot,application,ju,,,,,,,,,,,,,,,,,,,,,,
person,vote,,,,,,,,,,,,,,,,,,,,,,,,,,,
see,chaos,re,try,create,campaign,ability,challenge,ballot,later,s,push,elia,well,figure,later,,,,,,,,,,,,,
doubt,love,magnify,idiot,useful,idiot,vlad,straightforward,active,measure,investigate,tweet,,,,,,,,,,,,,,,,,
many,die,force,office,,,,,,,,,,,,,,,,,,,,,,,,,
late,thank,,,,,,,,,,,,,,,,,,,,,,,,,,,
hour,surveillance,ballot,voting,location,,,,,,,,,,,,,,,,,,,,,,,,
try,fix,robe,settle,election,know,way,republican,pre,allow,happen,even,tell,stop,,,,,,,,,,,,,,,
vote,person,,,,,,,,,,,,,,,,,,,,,,,,,,,
county,registrar,recorder,corrupt,already,block,signature,,,,,,,,,,,,,,,,,,,,,,
ballot,harvesting,do,sleep,,,,,,,,,,,,,,,,,,,,,,,,,
course,correct,,,,,,,,,,,,,,,,,,,,,,,,,,,
trump,put,motion,strip,broad,protection,social,medium,stay,neutral,legislation,back,,,,,,,,,,,,,,,,,
investigation,stale,tactic,push,election,afraid,ever,hold,accountable,,,,,,,,,,,,,,,,,,,,
aka,election,interference,,,,,,,,,,,,,,,,,,,,,,,,,,
explanation,think,,,,,,,,,,,,,,,,,,,,,,,,,,,
need,help,,,,,,,,,,,,,,,,,,,,,,,,,,,
plan,post,election,steal,,,,,,,,,,,,,,,,,,,,,,,,,
talk,election,taking,week,decide,,,,,,,,,,,,,,,,,,,,,,,,
follow,science,help,pay,regain,power,,,,,,,,,,,,,,,,,,,,,,,
come,retirement,save,,,,,,,,,,,,,,,,,,,,,,,,,,
good,evil,,,,,,,,,,,,,,,,,,,,,,,,,,,
create,trump,lose,civil,war,ali,dangerous,propaganda,hope,people,know,phone,number,forward,include,name,think,lose,,,,,,,,,,,
avoid,social,medium,wanna,fight,person,ground,state,swing,state,follow,sign,free,email,peaceful,complete,takedown,social,medium,personal,way,stay,tune,,,,,,
go,cheat,win,,,,,,,,,,,,,,,,,,,,,,,,,,
watch,video,add,email,bottom,get,text,help,watch,poll,fair,election,watch,car,come,go,,,,,,,,,,,,,
prepare,steal,fraud,mail,ballot,especially,dam,thing,,,,,,,,,,,,,,,,,,,,,
pray,hard,,,,,,,,,,,,,,,,,,,,,,,,,,,
get,follow,,,,,,,,,,,,,,,,,,,,,,,,,,,
create,fall,propaganda,,,,,,,,,,,,,,,,,,,,,,,,,,
dad,go,year,president,get,mail,ballot,application,mail,stop,madness,late,national,voter,ju,,,,,,,,,,,,,,
think,handler,plan,positive,right,debate,put,quarantine,election,load,right,,,,,,,,,,,,,,,,,,
hatch,plan,steal,election,know,exactly,many,fraudulent,ballot,need,magically,appear,mail,election,,,,,,,,,,,,,,,
sure,,,,,,,,,,,,,,,,,,,,,,,,,,,,
,,,,,,,,,,,,,,,,,,,,,,,,,,,,
totally,agree,lock,country,collapse,economy,blame,let,socialist,redistribution,begin,,,,,,,,,,,,,,,,,,
talk,election,process,medium,outlet,able,influence,vote,,,,,,,,,,,,,,,,,,,,,
already,absentee,balloting,need,universal,mail,ballot,steal,election,american,people,,,,,,,,,,,,,,,,,,
live,constant,low,background,level,threat,terrorism,seem,scary,,,,,,,,,,,,,,,,,,,,
thank,bless,,,,,,,,,,,,,,,,,,,,,,,,,,,
hope,plan,combat,leftist,voter,fraud,,,,,,,,,,,,,,,,,,,,,,,
send,,,,,,,,,,,,,,,,,,,,,,,,,,,,
complacent,tell,wait,vote,count,liberal,really,say,count,vote,liberal,enough,win,send,protect,vote,,,,,,,,,,,,,
pile,mail,dump,,,,,,,,,,,,,,,,,,,,,,,,,,
absolute,failure,american,human,,,,,,,,,,,,,,,,,,,,,,,,,
time,executive,order,exception,official,verify,absentee,ballot,mail,voting,want,result,night,,,,,,,,,,,,,,,,
many,trump,suppoer,willing,take,street,,,,,,,,,,,,,,,,,,,,,,,
make,big,enough,whole,country,,,,,,,,,,,,,,,,,,,,,,,,
ali,organize,protest,lauraloomer,middle,,,,,,,,,,,,,,,,,,,,,,,,
test,run,work,charm,prevent,broward,county,succeed,sound,,,,,,,,,,,,,,,,,,,,
see,video,call,help,,,,,,,,,,,,,,,,,,,,,,,,,
play,sma,first,expose,re,kinda,already,expose,dig,deep,hole,get,people,see,burry,,,,,,,,,,,,,,
late,law,daily,thank,,,,,,,,,,,,,,,,,,,,,,,,,
agree,,,,,,,,,,,,,,,,,,,,,,,,,,,,
say,,,,,,,,,,,,,,,,,,,,,,,,,,,,
big,tech,censorship,,,,,,,,,,,,,,,,,,,,,,,,,,
pay,real,threat,republic,win,ballot,box,issue,hence,race,bait,lie,manipulation,universal,mail,ballot,,,,,,,,,,,,,
vote,person,election,day,drive,prevent,elite,steal,election,,,,,,,,,,,,,,,,,,,,
proof,vote,harvesting,happen,overnight,,,,,,,,,,,,,,,,,,,,,,,,
crime,bill,sniff,little,girl,year,go,fix,thing,,,,,,,,,,,,,,,,,,,,
big,tech,get,ready,help,steal,election,,,,,,,,,,,,,,,,,,,,,,
agree,gigi,potus,show,traitor,american,citizen,volunteer,election,,,,,,,,,,,,,,,,,,,,
warn,diy,trick,act,plan,steal,election,let,happen,,,,,,,,,,,,,,,,,,,,
brutal,resurface,video,destroy,campaign,use,thought,mind,nothing,change,,,,,,,,,,,,,,,,,,,
dem,lawyer,steal,election,nee,,,,,,,,,,,,,,,,,,,,,,,,
doubt,wrap,smear,tactic,use,pay,nancy,see,tape,explain,diy,tactic,,,,,,,,,,,,,,,,,
,,,,,,,,,,,,,,,,,,,,,,,,,,,,
thank,,,,,,,,,,,,,,,,,,,,,,,,,,,,
wait,,,,,,,,,,,,,,,,,,,,,,,,,,,,
want,time,cheat,see,let,deal,,,,,,,,,,,,,,,,,,,,,,,
believe,people,need,get,know,adversary,adversary,ve,share,info,think,know,pray,act,accord,truth,,,,,,,,,,,,,
make,look,bad,election,interfere,,,,,,,,,,,,,,,,,,,,,,,,
listen,want,silence,election,day,,,,,,,,,,,,,,,,,,,,,,,,
election,interference,,,,,,,,,,,,,,,,,,,,,,,,,,,
week,later,find,many,double,vote,count,,,,,,,,,,,,,,,,,,,,,,
scene,ballot,harvest,ballot,,,,,,,,,,,,,,,,,,,,,,,,,
vote,person,election,day,prove,allow,elite,steal,election,,,,,,,,,,,,,,,,,,,,
unreal,handler,want,cut,question,quickly,possible,speak,lose,legitimacy,left,fight,criminal,,,,,,,,,,,,,,,,
dead,suppoer,ceainly,live,much,,,,,,,,,,,,,,,,,,,,,,,,
call,,,,,,,,,,,,,,,,,,,,,,,,,,,,
plan,steal,election,begin,try,execute,plan,,,,,,,,,,,,,,,,,,,,,,
shameful,feckless,do,prevent,obvious,already,work,try,,,,,,,,,,,,,,,,,,,,,
time,executive,order,presence,voting,precinct,especially,right,citizen,,,,,,,,,,,,,,,,,,,,
actively,paicipate,donate,money,send,,,,,,,,,,,,,,,,,,,,,,,,
everybodys,talk,come,coup,attempt,,,,,,,,,,,,,,,,,,,,,,,,
man,dream,equallygod,win,win,evil,lose,,,,,,,,,,,,,,,,,,,,,,
verboten,take,delete,account,,,,,,,,,,,,,,,,,,,,,,,,,
fake,news,deny,official,publicly,even,man,make,schedule,day,know,re,afraid,military,vote,always,try,discount,deny,vote,decade,volunteer,,,,,,,
pick,new,local,dealer,ask,ammo,dealer,reply,get,swamp,yesterday,sell,record,sale,day,gun,ammo,lot,time,buyer,people,nervous,election,riot,,,,,
ve,got,get,groove,ale,family,friend,follow,ve,got,take,back,ground,social,medium,tech,think,ve,get,coordinate,steal,election,prolong,count,info,flow,dem,play,keep
watch,,,,,,,,,,,,,,,,,,,,,,,,,,,,
unbelievable,allow,happen,,,,,,,,,,,,,,,,,,,,,,,,,,
interesting,people,know,lie,live,fantasy,think,pull,voter,know,s,well,stupid,,,,,,,,,,,,,,,,
hurricane,aliversion,,,,,,,,,,,,,,,,,,,,,,,,,,,
deep,swamp,let,know,need,,,,,,,,,,,,,,,,,,,,,,,,
care,open,theft,shady,ass,pass,mass,mail,vote,middle,night,last,min,,,,,,,,,,,,,,,,
ali,even,treat,nasty,need,fight,,,,,,,,,,,,,,,,,,,,,,,
constantly,call,texted,individual,want,mail,ballot,handle,voting,organization,call,handle,ballot,,,,,,,,,,,,,,,,
trump,army,win,election,vote,person,poll,take,pro,trump,suppoer,vote,,,,,,,,,,,,,,,,,
watch,happen,broadcast,big,tech,announce,block,trump,victory,speech,unretire,,,,,,,,,,,,,,,,,,
remember,month,ago,tweet,enthusiasm,tide,turn,get,vote,,,,,,,,,,,,,,,,,,,,
interfere,,,,,,,,,,,,,,,,,,,,,,,,,,,,
office,usp,stae,go,red,red,straight,year,office,problem,stae,,,,,,,,,,,,,,,,,,
dem,get,fake,vote,work,plan,destroy,trump,vote,least,,,,,,,,,,,,,,,,,,,
give,biden,,,,,,,,,,,,,,,,,,,,,,,,,,,
trump,disinformation,flunky,push,thing,basic,premise,vote,counting,expect,,,,,,,,,,,,,,,,,,,
fake,news,ale,repoe,bloomberg,repoe,yet,anonymous,sorce,,,,,,,,,,,,,,,,,,,,
thank,roll,,,,,,,,,,,,,,,,,,,,,,,,,,,
pay,agenda,,,,,,,,,,,,,,,,,,,,,,,,,,,
mass,arrest,election,fraud,hope,,,,,,,,,,,,,,,,,,,,,,,,
yep,offense,expose,lie,deception,fraud,sycophant,,,,,,,,,,,,,,,,,,,,,,
vote,perso,,,,,,,,,,,,,,,,,,,,,,,,,,,
suggest,follow,want,top,scoop,election,,,,,,,,,,,,,,,,,,,,,,,
watch,periscope,big,tech,announce,block,trump,victory,speech,,,,,,,,,,,,,,,,,,,,
need,executive,order,voter,fraud,automatic,year,postal,employee,commit,voter,fraud,minimum,else,do,,,,,,,,,,,,,,
audio,great,find,,,,,,,,,,,,,,,,,,,,,,,,,,
retweet,ban,black,man,want,country,back,gasp,nerve,,,,,,,,,,,,,,,,,,,,
provisional,ballot,play,everywhere,,,,,,,,,,,,,,,,,,,,,,,,,
bless,get,big,tech,,,,,,,,,,,,,,,,,,,,,,,,,
vote,election,day,keep,vote,win,,,,,,,,,,,,,,,,,,,,,,,
need,help,tell,trump,declare,win,concede,seriously,attempt,theft,american,election,come,soon,,,,,,,,,,,,,,,
true,watch,play,finish,,,,,,,,,,,,,,,,,,,,,,,,,
late,writewe,news,,,,,,,,,,,,,,,,,,,,,,,,,,
stop,facebook,steal,vote,,,,,,,,,,,,,,,,,,,,,,,,,
repoer,sit,whole,time,nod,head,,,,,,,,,,,,,,,,,,,,,,,
ve,got,get,groove,ale,family,friend,follow,ve,got,take,back,ground,,,,,,,,,,,,,,,,
vote,person,election,day,drove,suppo,american,prevent,elite,steal,election,,,,,,,,,,,,,,,,,,
vote,person,become,poll,watcher,save,trump,,,,,,,,,,,,,,,,,,,,,,
need,big,tech,make,move,follow,need,watch,video,suppo,,,,,,,,,,,,,,,,,,,
listen,right,away,watch,broadcast,big,tech,announce,block,trump,victory,speech,unretire,,,,,,,,,,,,,,,,
real,life,green,new,deal,vote,red,,,,,,,,,,,,,,,,,,,,,,
dear,president,look,prepare,mess,election,plan,,,,,,,,,,,,,,,,,,,,,,
wrap,smear,hope,backfire,,,,,,,,,,,,,,,,,,,,,,,,,
keep,biden,child,,,,,,,,,,,,,,,,,,,,,,,,,,
hear,aiculate,idea,event,clearly,change,hoax,,,,,,,,,,,,,,,,,,,,,,
,,,,,,,,,,,,,,,,,,,,,,,,,,,,
