,,,,,,,,,,,,,,,,,,,,
,,,,,,,,,,,,,,,,,,,,
,,,,,,,,,,,,,,,,,,,,
time,end,cashless,bail,stupid,bail,reform,turn,justice,system,revolve,door,let,criminal,back,offend,,,,,
thing,test,run,,,,,,,,,,,,,,,,,,
steal,election,election,tactic,use,test,run,,,,,,,,,,,,,,
true,know,vote,primary,get,vote,school,board,university,county,commissioner,spend,indoctrinate,money,,,,,,,
,,,,,,,,,,,,,,,,,,,,
test,run,work,charm,prevent,broward,county,succeed,sound,alarm,absolutely,do,prevent,future,,,,,,,
test,run,work,charm,prevent,broward,county,succeed,sound,,,,,,,,,,,,
test,run,work,charm,prevent,broward,county,succeed,sound,,,,,,,,,,,,
test,run,work,charm,prevent,broward,county,succeed,sound,,,,,,,,,,,,
test,run,work,charm,prevent,broward,county,succeed,sound,,,,,,,,,,,,
test,run,work,charm,prevent,broward,county,succeed,sound,,,,,,,,,,,,
ridiculous,little,baby,son,nasty,ass,bitch,need,put,big,boy,pantie,stop,act,fucking,fool,damn,respect,stupidity,,
test,run,work,charm,prevent,broward,county,succeed,sound,,,,,,,,,,,,
test,run,work,charm,prevent,broward,county,succeed,sound,,,,,,,,,,,,
daughter,move,new,apament,town,postal,service,keep,redirect,wife,mail,house,daughter,new,apament,complex,go,trust,million,million,ballot
thing,test,run,,,,,,,,,,,,,,,,,,
,,,,,,,,,,,,,,,,,,,,
thank,former,campaign,worker,year,glad,bring,experience,help,great,potus,volunteer,election,day,,,,,,,
step,chief,justice,judicial,branch,run,cous,find,fool,appointment,disappointment,also,,,,,,,,,
thing,test,run,,,,,,,,,,,,,,,,,,
,,,,,,,,,,,,,,,,,,,,
test,run,work,charm,prevent,broward,county,succeed,sound,,,,,,,,,,,,
thank,,,,,,,,,,,,,,,,,,,,
government,document,paper,citizen,least,apply,law,drive,licence,vote,,,,,,,,,,,
vote,life,depend,dodpse,depend,mail,vote,vote,person,absentee,,,,,,,,,,,
thing,test,run,,,,,,,,,,,,,,,,,,
thing,test,run,,,,,,,,,,,,,,,,,,
,,,,,,,,,,,,,,,,,,,,
,,,,,,,,,,,,,,,,,,,,
,,,,,,,,,,,,,,,,,,,,
exactly,answer,question,medium,submit,advance,go,debate,,,,,,,,,,,,,
thing,test,run,,,,,,,,,,,,,,,,,,
cheat,chance,,,,,,,,,,,,,,,,,,,
,,,,,,,,,,,,,,,,,,,,
,,,,,,,,,,,,,,,,,,,,
say,mail,ballot,win,local,election,,,,,,,,,,,,,,,
conservative,sign,poll,worker,critical,need,eye,polling,location,country,,,,,,,,,,,
,,,,,,,,,,,,,,,,,,,,
loser,big,cheater,wait,reach,election,night,,,,,,,,,,,,,,
congresswoman,impeachment,husband,think,,,,,,,,,,,,,,,,,
need,keep,go,many,fraudulent,voter,find,,,,,,,,,,,,,,
need,keep,go,many,fraudulent,voter,find,,,,,,,,,,,,,,
agree,,,,,,,,,,,,,,,,,,,,
conservative,need,sign,poll,worker,state,,,,,,,,,,,,,,,
voter,fraud,,,,,,,,,,,,,,,,,,,
state,try,check,signature,ballot,signature,voter,registration,card,,,,,,,,,,,,
file,complaint,cous,shut,jeopardy,real,,,,,,,,,,,,,,,
time,require,voter,send,local,precinct,federal,election,federal,oversight,ensure,legal,vote,count,,,,,,,
postal,service,experience,prefer,,,,,,,,,,,,,,,,,
,,,,,,,,,,,,,,,,,,,,
need,keep,go,many,fraudulent,voter,find,,,,,,,,,,,,,,
beware,fake,remember,,,,,,,,,,,,,,,,,,
,,,,,,,,,,,,,,,,,,,,
park,shuttle,bus,get,chance,see,trump,hour,arrive,biden,medium,suppoer,hour,speak,,,,,,,
expose,public,official,vote,harvesting,,,,,,,,,,,,,,,,
seem,know,able,stop,,,,,,,,,,,,,,,,,
nice,peaceful,anti,trump,folk,attack,child,,,,,,,,,,,,,,
home,thank,vote,voter,judge,cancel,vote,,,,,,,,,,,,,,
desperate,stop,regain,power,matter,lie,tell,,,,,,,,,,,,,,
know,medium,collaborate,drive,mean,necessary,pay,regain,power,,,,,,,,,,,,
press,conference,joke,repoer,microphone,read,question,phone,,,,,,,,,,,,,
,,,,,,,,,,,,,,,,,,,,
home,thank,vote,voter,judg,,,,,,,,,,,,,,,,
use,,,,,,,,,,,,,,,,,,,,
happen,happen,,,,,,,,,,,,,,,,,,,
time,revive,yet,,,,,,,,,,,,,,,,,,
,,,,,,,,,,,,,,,,,,,,
register,recorder,office,agent,ground,,,,,,,,,,,,,,,,
remove,,,,,,,,,,,,,,,,,,,,
,,,,,,,,,,,,,,,,,,,,
,,,,,,,,,,,,,,,,,,,,
,,,,,,,,,,,,,,,,,,,,
remember,parking,lot,scene,broward,county,vehicle,bring,harvest,,,,,,,,,,,,
,,,,,,,,,,,,,,,,,,,,
,,,,,,,,,,,,,,,,,,,,
dangerous,coup,building,plan,steal,elec,,,,,,,,,,,,,,,
