receive,word,friend,live,go,early,vote,today,tell,machine,working,vote,paper,ballot,refuse,say,come,back,day,interesting,stopthesteal,
,,,,,,,,,,,,,,,,,,,,,
,,,,,,,,,,,,,,,,,,,,,
,,,,,,,,,,,,,,,,,,,,,
seanparnellusa,stopthesteal,voteinperson,,,,,,,,,,,,,,,,,,,
dougallday,stopthesteal,,,,,,,,,,,,,,,,,,,,
dougallday,stopthesteal,,,,,,,,,,,,,,,,,,,,
,,,,,,,,,,,,,,,,,,,,,
thank,senatedem,fight,justice,senategop,abandon,democracy,henchman,democat,ditchmitch,,,,,,,,,,,,
demscheat,stopthesteal,votetrump,votere,hunterslaptop,,,,,,,,,,,,,,,,,
co,,,,,,,,,,,,,,,,,,,,,
election,integrity,wonder,stopthesteal,voterfraud,,,,,,,,,,,,,,,,,
know,voter,want,frackin,loose,fix,stopthesteal,,,,,,,,,,,,,,,
add,day,election,accept,ballot,ballot,require,postmark,signature,ballot,match,signature,voter,poll,watcher,allow,plan,steal,state,damn,straight,stopthesteal
trump,dancing,biden,hide,basement,dem,really,okay,candidate,hide,basement,election,ill,make,least,appearance,day,even,try,know,stopthesteal,fcht
herschelwalk,foxnew,donaldjtrumpjr,least,bit,surprised,especially,second,term,shock,obama,elect,clown,show,first,year,stopthesteal,,,,,
receive,word,friend,live,go,early,vote,today,tell,machine,working,vote,paper,ballot,refuse,say,come,back,day,interesting,stopthesteal,
receive,word,friend,live,go,early,vote,today,tell,machine,working,vote,paper,ballot,refuse,say,come,back,day,interesting,stopthesteal,
fight,huge,voter,brag,,,,,,,,,,,,,,,,,,
,,,,,,,,,,,,,,,,,,,,,
day,gcpatriot,go,get,massive,vote,even,big,fraudulent,ballot,harvesting,mail,ballot,drop,bulk,steal,election,problem,love,see,take,stopthesteal
,,,,,,,,,,,,,,,,,,,,,
deplorable,stopthesteal,votetrump,,,,,,,,,,,,,,,,,,,
deplorable,stopthesteal,votetrump,,,,,,,,,,,,,,,,,,,
deplorable,stopthesteal,votetrump,,,,,,,,,,,,,,,,,,,
court,legitimacy,depend,faith,trust,act,restore,credibility,legitimacy,court,gravely,imperil,senblumenthal,floor,stopthesteal,,,,,,,
co,,,,,,,,,,,,,,,,,,,,,
stopthesteal,,,,,,,,,,,,,,,,,,,,,
trump,yesterday,amish,trump,today,way,biden,win,sorry,fair,election,stopthesteal,,,,,,,,,,
republican,buddy,shove,aside,wish,american,people,order,steal,seat,senator,regard,senategop,senatedem,mdmmb,xco,,,,,,
illegitimate,president,illegitimate,process,illegitimate,nominee,stopthesteal,stopamy,extremeamy,saveaca,mybodymychoice,senatefloor,,,,,,,,,,
nprpolitic,stopthesteal,,,,,,,,,,,,,,,,,,,,
stopthesteal,,,,,,,,,,,,,,,,,,,,,
hodgetwin,stopthesteal,recallgavin,way,,,,,,,,,,,,,,,,,,
realjameswood,twitter,push,vote,mail,even,concern,steal,stopthesteal,,,,,,,,,,,,,
really,admit,skip,suppose,say,stopthesteal,harvest,bidenriot,,,,,,,,,,,,,,
realdonaldtrump,,,,,,,,,,,,,,,,,,,,,
,,,,,,,,,,,,,,,,,,,,,
alert,former,exec,terror,link,cair,run,state,house,representative,district,general,election,lose,mere,vote,,,,,,
voter,real,realdonaldtrump,correct,desperate,steal,election,stopthesteal,co,cbmrgdg,,,,,,,,,,,,
cheat,,,,,,,,,,,,,,,,,,,,,
wonder,blame,homeless,socal,stopthesteal,recallgavin,,,,,,,,,,,,,,,,
say,election,law,remain,write,challenge,pende,justice,,,,,,,,,,,,,,
deal,,,,,,,,,,,,,,,,,,,,,
postal,service,worker,charge,toss,absenteeballot,dumpster,stopthesteal,,,,,,,,,,,,,,
cjtruth,deplorablereeg,extremely,long,list,lie,remember,one,fear,biden,campaigning,want,fight,election,stopthesteal,maga,,,,,,
realdonaldtrump,state,pollwatcher,stopthesteal,,,,,,,,,,,,,,,,,,
anonagain,realdonaldtrump,stopthesteal,,,,,,,,,,,,,,,,,,,
former,chief,try,warn,elite,satanic,pedophile,network,listen,compilation,speech,theodore,gund,co,oitwsgardt,draintheswamp,rescueinfowar,,,,,
project,verita,teamtrump,rncresearch,lizrnc,stopthesteal,,,,,,,,,,,,,,,,
realjameswood,dem,print,complete,fake,ballot,week,preparation,steal,election,deliver,many,ballot,need,overcome,trump,lead,ballot,postmark,signature,match,stopthesteal
fec,see,ballot,chaser,steal,election,stopthesteal,,,,,,,,,,,,,,,
twitter,give,preview,contest,election,stopthesteal,,,,,,,,,,,,,,,,
https,co,,,,,,,,,,,,,,,,,,,,
voterfraud,co,jylbe,,,,,,,,,,,,,,,,,,,
jasonmillerindc,gopchairwoman,ronna,watcher,blue,district,,,,,,,,,,,,,,,,
new,suppose,believe,ballot,count,fair,honest,expose,pay,repeat,stopthesteal,,,,,,,,,,,
fec,govabbott,crap,happen,election,result,lady,need,jail,yesterday,co,,,,,,,,,,,
txag,go,raquel,rodriguez,investigate,fraudulent,activity,sure,refer,see,video,report,project,verita,stopthesteal,,,,,,,
election,decide,election,day,stopthesteal,,,,,,,,,,,,,,,,,
,,,,,,,,,,,,,,,,,,,,,
realjameswood,recallgavin,do,enough,damage,stopthesteal,,,,,,,,,,,,,,,,
stopthesteal,,,,,,,,,,,,,,,,,,,,,
seek,voting,case,breitbartnew,stopthesteal,,,,,,,,,,,,,,,,,
kavanaugh,turn,disappointment,vote,liberal,justice,extend,ballot,counting,open,door,voter,fraud,voterid,stopthesteal,,,,,,,
goosegandermom,hopefully,peep,side,watch,count,go,past,stopthesteal,,,,,,,,,,,,,
,,,,,,,,,,,,,,,,,,,,,
need,stopthesteal,senatemajldr,gopleader,devinnune,realjameswood,,,,,,,,,,,,,,,,
commit,voterfraud,prepare,steal,election,fakenews,cover,draintheswamp,truethevote,stopthesteal,trump,bzbk,,,,,,,,,,
recall,level,growth,chinajoe,stopthesteal,lawandorder,,,,,,,,,,,,,,,,
remember,dismiss,charge,new,black,realdonaldtrump,call,stopthesteal,,,,,,,,,,,,,,
ownrule,realdonaldtrump,stopthesteal,,,,,,,,,,,,,,,,,,,
betsyrossusofa,realdonaldtrump,stopthesteal,voteinperson,,,,,,,,,,,,,,,,,,
bdbgolden,realdonaldtrump,stopthesteal,voteinperson,,,,,,,,,,,,,,,,,,
stopthesteal,voteinperson,,,,,,,,,,,,,,,,,,,,
ballot,harvesting,do,dark,stopthesteal,voteinperson,keep,collection,center,,,,,,,,,,,,,
recallgavin,,,,,,,,,,,,,,,,,,,,,
ever,follow,order,hillary,voteinperson,,,,,,,,,,,,,,,,,
sundncefn,wyn,kidgolferman,vote,harvest,dark,stopthesteal,voteinperson,keep,eye,transit,counting,,,,,,,,,,
day,extention,sound,disater,stopthesteal,,,,,,,,,,,,,,,,,
stopthesteal,riggedelection,election,co,,,,,,,,,,,,,,,,,,
casosvote,fricke,normal,normal,count,ballot,people,vote,election,day,absentee,ballot,normal,stopthesteal,,,,,,,,
,,,,,,,,,,,,,,,,,,,,,
let,get,ready,great,magayear,come,thank,realdonaldtrump,include,one,say,sacrifice,,,,,,,,,,
voter,fraud,stop,concern,honest,honesty,play,stopthesteal,stopthemadness,stopthefraud,,,,,,,,,,,,
stopthesteal,stopthemadness,stopthefraud,,,,,,,,,,,,,,,,,,,
seem,great,deal,dirty,laundry,question,go,help,stay,prison,trump,,,,,,,,,,,
realdonaldtrump,week,voting,fix,hit,stopthesteal,,,,,,,,,,,,,,,,
sdderscot,gregory,msm,big,nancy,pelosi,say,go,win,matter,vote,count,get,ready,stopthesteal,,,,,,,
use,hashtag,stopthesteal,tweet,,,,,,,,,,,,,,,,,,
redistrict,fraudulent,harvest,mail,ballot,mean,stopthesteal,,,,,,,,,,,,,,,
co,dopnk,,,,,,,,,,,,,,,,,,,,
gqp,,,,,,,,,,,,,,,,,,,,,
ballot,harvesting,sleep,go,take,stopthesteal,voteinperson,,,,,,,,,,,,,,,
seem,great,deal,dirty,laundry,question,go,help,stay,prison,trump,,,,,,,,,,,
vote,person,election,day,stopthesteal,riggedelection,co,efblqchzeq,,,,,,,,,,,,,,
right,https,co,,,,,,,,,,,,,,,,,,,
thebradfordfile,crime,family,manage,throw,election,result,chaos,military,step,stopthesteal,,,,,,,,,,,
,,,,,,,,,,,,,,,,,,,,,
service,union,subvert,election,stopthesteal,,,,,,,,,,,,,,,,,
even,funny,people,want,chaos,stopthesteal,,,,,,,,,,,,,,,,
ffvkpp,,,,,,,,,,,,,,,,,,,,,
stopthesteal,man,allegedly,use,device,fish,mail,mail,ballot,ggx,fpyw,,,,,,,,,,,
tell,need,word,spread,stopthesteal,maga,,,,,,,,,,,,,,,,
broward,county,,,,,,,,,,,,,,,,,,,,
creepingsharia,become,poll,worker,stopthesteal,,,,,,,,,,,,,,,,,
vote,stopthesteal,,,,,,,,,,,,,,,,,,,,
sammi,always,past,maybe,county,stopthesteal,,,,,,,,,,,,,,,,
sammi,always,past,maybe,county,stopthesteal,,,,,,,,,,,,,,,,
know,enemy,co,widxt,djeu,,,,,,,,,,,,,,,,,
sammi,always,past,maybe,,,,,,,,,,,,,,,,,,
,,,,,,,,,,,,,,,,,,,,,
stopthesteal,think,biden,point,nervous,meeting,dem,many,vote,manufacture,next,hour,,,,,,,,,,
see,meme,dead,people,vote,reality,guy,catch,many,get,co,voterfraud,stopthesteal,votered,https,co,,,,,,
thedemocrat,already,set,stage,election,day,steal,counting,ballot,party,fill,dead,people,reside,cemetery,stopthesteal,votetrump,,,,,
big,tech,possible,steal,election,cheat,,,,,,,,,,,,,,,,
,,,,,,,,,,,,,,,,,,,,,
petebuttigieg,make,hard,count,vote,voterfraud,stopthesteal,dumpthedem,walkaway,americafirst,,,,,,,,,,,,
nypost,voter,fraud,broad,daylight,stopthesteal,,,,,,,,,,,,,,,,
complain,sabotage,election,steal,coup,thedemocrat,want,election,month,instead,election,day,mail,ballot,instead,ballot,machine,stopthesteal,,,,
co,yhd,,,,,,,,,,,,,,,,,,,,
retweet,rig,projectverita,pun,intend,vote,patriot,stopthesteal,,,,,,,,,,,,,,
,,,,,,,,,,,,,,,,,,,,,
stopthesteal,,,,,,,,,,,,,,,,,,,,,
yxck,jeysh,,,,,,,,,,,,,,,,,,,,
stopthesteal,,,,,,,,,,,,,,,,,,,,,
deplorable,stopthesteal,country,fakenew,co,wit,,,,,,,,,,,,,,,,
authority,,,,,,,,,,,,,,,,,,,,,
creepingsharia,know,enemy,co,fig,nyeze,,,,,,,,,,,,,,,,
creepingsharia,know,enemy,co,fig,nyeze,,,,,,,,,,,,,,,,
,,,,,,,,,,,,,,,,,,,,,
breitbartnew,stopthesteal,voteinperson,,,,,,,,,,,,,,,,,,,
person,stopthesteal,,,,,,,,,,,,,,,,,,,,
stopthesteal,dozen,mail,ballot,find,undelivered,dade,postal,center,audit,order,,,,,,,,,,,
pass,vote,socialism,cronyism,war,stopthesteal,,,,,,,,,,,,,,,,
stop,garbage,vote,year,try,stop,pet,dead,people,fraud,stopthesteal,,,,,,,,,,,
break,stopthesteal,fightback,sugrne,,,,,,,,,,,,,,,,,,
official,outrage,trump,campaign,ask,name,people,transport,ballot,location,ballot,store,count,dirty,dem,use,get,pushback,criminal,intention,election,stopthesteal
foxnew,stopthesteal,,,,,,,,,,,,,,,,,,,,
,,,,,,,,,,,,,,,,,,,,,
network,call,election,trump,win,propaganda,network,push,idea,stopthesteal,,,,,,,,,,,,
gatewaypundit,outrage,stopthesteal,,,,,,,,,,,,,,,,,,,
stopthesteal,,,,,,,,,,,,,,,,,,,,,
